{"type":"FeatureCollection","features":[{"type":"Feature","geometry":{"type":"MultiPolygon","coordinates":[[[[-61.79,16.167],[-61.792,16.167],[-61.792,16.168],[-61.791,16.169],[-61.79,16.17],[-61.788,16.169],[-61.788,16.168],[-61.788,16.167],[-61.79,16.168],[-61.79,16.167]]],[[[-61.607,15.834],[-61.608,15.834],[-61.61,15.836],[-61.61,15.837],[-61.612,15.838],[-61.611,15.84],[-61.61,15.839],[-61.61,15.837],[-61.608,15.836],[-61.607,15.835],[-61.607,15.834]]],[[[-61.634,15.84],[-61.636,15.841],[-61.637,15.841],[-61.64,15.843],[-61.643,15.845],[-61.647,15.847],[-61.649,15.848],[-61.651,15.848],[-61.651,15.849],[-61.65,15.85],[-61.649,15.85],[-61.648,15.851],[-61.649,15.852],[-61.649,15.853],[-61.647,15.854],[-61.647,15.857],[-61.647,15.859],[-61.647,15.861],[-61.646,15.862],[-61.645,15.86],[-61.643,15.861],[-61.642,15.862],[-61.64,15.863],[-61.637,15.867],[-61.637,15.869],[-61.636,15.87],[-61.635,15.871],[-61.635,15.868],[-61.634,15.868],[-61.632,15.868],[-61.629,15.867],[-61.626,15.867],[-61.623,15.866],[-61.623,15.864],[-61.625,15.862],[-61.625,15.86],[-61.624,15.859],[-61.62,15.859],[-61.619,15.858],[-61.617,15.859],[-61.615,15.857],[-61.614,15.855],[-61.615,15.854],[-61.617,15.854],[-61.617,15.853],[-61.618,15.852],[-61.62,15.853],[-61.62,15.854],[-61.62,15.855],[-61.622,15.854],[-61.622,15.852],[-61.623,15.849],[-61.626,15.848],[-61.626,15.847],[-61.627,15.845],[-61.629,15.842],[-61.63,15.841],[-61.631,15.841],[-61.633,15.84],[-61.634,15.84]]],[[[-61.12,16.167],[-61.122,16.167],[-61.124,16.168],[-61.127,16.169],[-61.129,16.169],[-61.131,16.172],[-61.129,16.173],[-61.126,16.173],[-61.125,16.173],[-61.121,16.173],[-61.116,16.173],[-61.114,16.173],[-61.113,16.175],[-61.11,16.174],[-61.11,16.172],[-61.109,16.172],[-61.108,16.173],[-61.107,16.172],[-61.107,16.171],[-61.109,16.169],[-61.11,16.169],[-61.112,16.169],[-61.115,16.168],[-61.117,16.168],[-61.119,16.168],[-61.12,16.167]]],[[[-61.01,16.35],[-61.008,16.348],[-61.008,16.347],[-61.007,16.347],[-61.007,16.345],[-61.006,16.344],[-61.007,16.342],[-61.006,16.341],[-61.005,16.34],[-61.005,16.339],[-61.005,16.338],[-61.003,16.336],[-61.002,16.336],[-61.002,16.334],[-61.003,16.334],[-61.004,16.332],[-61.005,16.332],[-61.007,16.331],[-61.009,16.33],[-61.009,16.329],[-61.01,16.329],[-61.012,16.328],[-61.013,16.329],[-61.014,16.329],[-61.013,16.327],[-61.015,16.327],[-61.015,16.328],[-61.018,16.328],[-61.019,16.328],[-61.02,16.326],[-61.022,16.325],[-61.025,16.325],[-61.027,16.323],[-61.032,16.32],[-61.033,16.319],[-61.035,16.318],[-61.038,16.315],[-61.04,16.315],[-61.042,16.312],[-61.044,16.311],[-61.046,16.309],[-61.049,16.308],[-61.05,16.307],[-61.051,16.307],[-61.052,16.307],[-61.059,16.305],[-61.061,16.305],[-61.063,16.304],[-61.066,16.303],[-61.069,16.303],[-61.071,16.303],[-61.071,16.302],[-61.073,16.302],[-61.074,16.303],[-61.075,16.302],[-61.077,16.3],[-61.079,16.3],[-61.08,16.3],[-61.081,16.298],[-61.084,16.297],[-61.087,16.296],[-61.09,16.296],[-61.091,16.296],[-61.094,16.294],[-61.095,16.292],[-61.096,16.29],[-61.097,16.291],[-61.098,16.291],[-61.098,16.294],[-61.099,16.294],[-61.098,16.295],[-61.098,16.296],[-61.096,16.298],[-61.096,16.3],[-61.098,16.302],[-61.098,16.303],[-61.097,16.305],[-61.096,16.305],[-61.094,16.305],[-61.093,16.308],[-61.091,16.311],[-61.091,16.312],[-61.089,16.312],[-61.088,16.312],[-61.086,16.312],[-61.079,16.312],[-61.077,16.313],[-61.077,16.316],[-61.075,16.319],[-61.073,16.32],[-61.072,16.319],[-61.07,16.319],[-61.068,16.319],[-61.066,16.32],[-61.065,16.32],[-61.063,16.321],[-61.062,16.322],[-61.06,16.323],[-61.06,16.324],[-61.057,16.325],[-61.056,16.327],[-61.055,16.326],[-61.054,16.328],[-61.051,16.328],[-61.05,16.328],[-61.05,16.33],[-61.049,16.331],[-61.049,16.332],[-61.048,16.333],[-61.048,16.332],[-61.046,16.331],[-61.044,16.333],[-61.042,16.334],[-61.041,16.335],[-61.04,16.335],[-61.039,16.335],[-61.038,16.337],[-61.037,16.337],[-61.035,16.338],[-61.036,16.338],[-61.034,16.338],[-61.032,16.337],[-61.032,16.338],[-61.031,16.341],[-61.031,16.341],[-61.03,16.34],[-61.028,16.341],[-61.027,16.342],[-61.026,16.343],[-61.025,16.343],[-61.024,16.345],[-61.023,16.345],[-61.021,16.344],[-61.02,16.344],[-61.019,16.345],[-61.018,16.346],[-61.017,16.349],[-61.015,16.349],[-61.014,16.349],[-61.011,16.35],[-61.01,16.35]]],[[[-61.778,16.364],[-61.779,16.364],[-61.78,16.365],[-61.782,16.367],[-61.781,16.368],[-61.781,16.369],[-61.781,16.37],[-61.78,16.369],[-61.778,16.368],[-61.778,16.367],[-61.778,16.365],[-61.778,16.364]]],[[[-61.586,15.832],[-61.586,15.833],[-61.588,15.833],[-61.59,15.834],[-61.591,15.835],[-61.593,15.835],[-61.594,15.835],[-61.596,15.835],[-61.597,15.835],[-61.597,15.836],[-61.596,15.837],[-61.595,15.839],[-61.594,15.84],[-61.593,15.84],[-61.593,15.842],[-61.592,15.843],[-61.59,15.841],[-61.587,15.839],[-61.585,15.836],[-61.585,15.836],[-61.585,15.835],[-61.585,15.833],[-61.585,15.832],[-61.586,15.832]]],[[[-61.593,15.853],[-61.594,15.853],[-61.597,15.853],[-61.598,15.854],[-61.6,15.855],[-61.602,15.856],[-61.602,15.858],[-61.604,15.858],[-61.605,15.857],[-61.607,15.857],[-61.605,15.859],[-61.604,15.86],[-61.601,15.86],[-61.6,15.86],[-61.6,15.862],[-61.599,15.863],[-61.6,15.864],[-61.6,15.865],[-61.599,15.865],[-61.598,15.864],[-61.595,15.864],[-61.591,15.864],[-61.59,15.864],[-61.59,15.865],[-61.589,15.864],[-61.587,15.864],[-61.586,15.864],[-61.584,15.864],[-61.585,15.865],[-61.583,15.867],[-61.583,15.868],[-61.582,15.869],[-61.582,15.87],[-61.583,15.871],[-61.583,15.872],[-61.584,15.873],[-61.585,15.874],[-61.585,15.876],[-61.583,15.877],[-61.582,15.878],[-61.582,15.879],[-61.582,15.881],[-61.581,15.881],[-61.58,15.879],[-61.579,15.878],[-61.58,15.877],[-61.579,15.876],[-61.579,15.875],[-61.579,15.873],[-61.578,15.873],[-61.576,15.875],[-61.575,15.879],[-61.574,15.881],[-61.574,15.884],[-61.573,15.883],[-61.572,15.883],[-61.571,15.881],[-61.57,15.88],[-61.57,15.879],[-61.569,15.88],[-61.568,15.879],[-61.57,15.877],[-61.569,15.876],[-61.57,15.875],[-61.571,15.873],[-61.571,15.872],[-61.57,15.871],[-61.568,15.872],[-61.567,15.872],[-61.566,15.872],[-61.566,15.871],[-61.569,15.87],[-61.571,15.869],[-61.571,15.869],[-61.571,15.867],[-61.574,15.867],[-61.575,15.867],[-61.577,15.867],[-61.579,15.862],[-61.579,15.86],[-61.576,15.858],[-61.577,15.857],[-61.577,15.856],[-61.578,15.855],[-61.58,15.856],[-61.579,15.858],[-61.58,15.858],[-61.581,15.857],[-61.582,15.857],[-61.583,15.858],[-61.584,15.857],[-61.587,15.857],[-61.588,15.859],[-61.589,15.859],[-61.59,15.856],[-61.59,15.856],[-61.591,15.854],[-61.593,15.853]]],[[[-61.594,15.872],[-61.595,15.872],[-61.596,15.874],[-61.597,15.875],[-61.599,15.876],[-61.601,15.876],[-61.602,15.877],[-61.599,15.878],[-61.598,15.877],[-61.597,15.877],[-61.596,15.878],[-61.594,15.877],[-61.593,15.878],[-61.591,15.877],[-61.591,15.876],[-61.592,15.874],[-61.592,15.873],[-61.594,15.872]]],[[[-61.567,15.873],[-61.568,15.873],[-61.566,15.875],[-61.565,15.875],[-61.566,15.873],[-61.567,15.873]]],[[[-61.106,16.176],[-61.11,16.176],[-61.111,16.176],[-61.114,16.176],[-61.114,16.178],[-61.113,16.178],[-61.111,16.179],[-61.107,16.179],[-61.106,16.18],[-61.106,16.181],[-61.105,16.18],[-61.104,16.181],[-61.103,16.18],[-61.104,16.179],[-61.105,16.179],[-61.106,16.176],[-61.106,16.176]]],[[[-61.323,15.95],[-61.32,15.952],[-61.319,15.954],[-61.319,15.956],[-61.318,15.96],[-61.319,15.962],[-61.318,15.964],[-61.318,15.968],[-61.319,15.968],[-61.318,15.97],[-61.319,15.971],[-61.318,15.973],[-61.318,15.975],[-61.319,15.976],[-61.318,15.976],[-61.314,15.976],[-61.312,15.977],[-61.31,15.977],[-61.309,15.978],[-61.307,15.979],[-61.306,15.98],[-61.307,15.981],[-61.306,15.981],[-61.305,15.983],[-61.306,15.986],[-61.306,15.987],[-61.304,15.987],[-61.302,15.988],[-61.3,15.989],[-61.3,15.99],[-61.299,15.992],[-61.299,15.993],[-61.298,15.994],[-61.297,15.997],[-61.296,15.998],[-61.295,16],[-61.294,16],[-61.291,16.003],[-61.29,16.004],[-61.289,16.003],[-61.288,16.004],[-61.287,16.004],[-61.286,16.004],[-61.283,16.004],[-61.282,16.003],[-61.281,16.004],[-61.278,16.005],[-61.277,16.007],[-61.276,16.007],[-61.276,16.005],[-61.274,16.005],[-61.274,16.004],[-61.272,16.005],[-61.271,16.004],[-61.271,16.003],[-61.268,16.003],[-61.267,16.003],[-61.266,16.002],[-61.265,16.002],[-61.261,15.999],[-61.261,15.999],[-61.259,15.998],[-61.258,15.997],[-61.257,15.996],[-61.257,15.995],[-61.256,15.996],[-61.256,15.995],[-61.254,15.994],[-61.253,15.993],[-61.253,15.992],[-61.251,15.993],[-61.25,15.992],[-61.249,15.992],[-61.248,15.993],[-61.248,15.991],[-61.244,15.992],[-61.244,15.991],[-61.242,15.992],[-61.243,15.99],[-61.244,15.988],[-61.243,15.987],[-61.242,15.989],[-61.24,15.989],[-61.239,15.988],[-61.24,15.986],[-61.238,15.986],[-61.236,15.986],[-61.235,15.985],[-61.233,15.986],[-61.232,15.984],[-61.233,15.984],[-61.233,15.983],[-61.233,15.982],[-61.23,15.981],[-61.23,15.98],[-61.231,15.979],[-61.232,15.978],[-61.231,15.977],[-61.23,15.977],[-61.23,15.974],[-61.231,15.974],[-61.23,15.971],[-61.229,15.97],[-61.228,15.97],[-61.228,15.969],[-61.227,15.968],[-61.226,15.968],[-61.223,15.968],[-61.223,15.967],[-61.224,15.965],[-61.224,15.964],[-61.223,15.963],[-61.221,15.963],[-61.219,15.962],[-61.218,15.96],[-61.218,15.959],[-61.218,15.958],[-61.217,15.957],[-61.215,15.957],[-61.214,15.956],[-61.212,15.955],[-61.211,15.955],[-61.208,15.953],[-61.206,15.951],[-61.206,15.951],[-61.205,15.949],[-61.201,15.945],[-61.198,15.939],[-61.197,15.935],[-61.197,15.934],[-61.196,15.933],[-61.196,15.931],[-61.195,15.931],[-61.195,15.93],[-61.196,15.927],[-61.197,15.927],[-61.197,15.925],[-61.196,15.924],[-61.196,15.921],[-61.197,15.921],[-61.197,15.917],[-61.197,15.916],[-61.199,15.912],[-61.2,15.911],[-61.201,15.908],[-61.201,15.907],[-61.203,15.905],[-61.203,15.904],[-61.203,15.903],[-61.204,15.902],[-61.205,15.901],[-61.209,15.899],[-61.21,15.899],[-61.211,15.898],[-61.213,15.897],[-61.214,15.896],[-61.215,15.896],[-61.218,15.895],[-61.221,15.891],[-61.222,15.888],[-61.223,15.888],[-61.226,15.886],[-61.227,15.885],[-61.228,15.884],[-61.23,15.883],[-61.232,15.882],[-61.233,15.88],[-61.234,15.879],[-61.236,15.879],[-61.237,15.878],[-61.238,15.878],[-61.239,15.877],[-61.241,15.876],[-61.243,15.874],[-61.245,15.875],[-61.247,15.873],[-61.249,15.873],[-61.251,15.872],[-61.251,15.872],[-61.254,15.872],[-61.255,15.871],[-61.256,15.871],[-61.259,15.871],[-61.259,15.871],[-61.263,15.871],[-61.265,15.869],[-61.266,15.868],[-61.267,15.868],[-61.269,15.867],[-61.27,15.868],[-61.271,15.867],[-61.272,15.867],[-61.274,15.867],[-61.275,15.868],[-61.276,15.867],[-61.277,15.867],[-61.278,15.867],[-61.279,15.867],[-61.281,15.867],[-61.283,15.87],[-61.283,15.87],[-61.285,15.87],[-61.287,15.87],[-61.288,15.87],[-61.289,15.871],[-61.291,15.871],[-61.291,15.872],[-61.294,15.873],[-61.296,15.873],[-61.298,15.874],[-61.301,15.874],[-61.302,15.874],[-61.303,15.875],[-61.305,15.876],[-61.306,15.878],[-61.308,15.879],[-61.31,15.879],[-61.311,15.879],[-61.314,15.88],[-61.315,15.881],[-61.319,15.883],[-61.323,15.886],[-61.325,15.889],[-61.326,15.891],[-61.326,15.892],[-61.327,15.894],[-61.327,15.895],[-61.33,15.897],[-61.331,15.898],[-61.331,15.899],[-61.332,15.901],[-61.33,15.903],[-61.329,15.904],[-61.33,15.909],[-61.332,15.913],[-61.333,15.915],[-61.333,15.916],[-61.333,15.918],[-61.334,15.921],[-61.335,15.925],[-61.335,15.927],[-61.336,15.931],[-61.337,15.937],[-61.337,15.938],[-61.337,15.941],[-61.335,15.944],[-61.329,15.946],[-61.328,15.947],[-61.325,15.948],[-61.323,15.95]]],[[[-61.587,16.345],[-61.589,16.345],[-61.591,16.346],[-61.592,16.346],[-61.594,16.345],[-61.594,16.342],[-61.597,16.342],[-61.597,16.343],[-61.594,16.346],[-61.594,16.347],[-61.593,16.348],[-61.591,16.349],[-61.591,16.353],[-61.59,16.353],[-61.589,16.354],[-61.586,16.353],[-61.585,16.352],[-61.583,16.352],[-61.581,16.351],[-61.579,16.349],[-61.579,16.346],[-61.581,16.345],[-61.583,16.345],[-61.584,16.345],[-61.586,16.345],[-61.587,16.345]]],[[[-61.525,16.348],[-61.527,16.349],[-61.53,16.35],[-61.53,16.351],[-61.526,16.351],[-61.525,16.349],[-61.525,16.348]]],[[[-61.544,16.292],[-61.545,16.293],[-61.545,16.294],[-61.543,16.295],[-61.542,16.294],[-61.543,16.293],[-61.544,16.292]]],[[[-61.55,16.28],[-61.553,16.281],[-61.552,16.282],[-61.55,16.282],[-61.55,16.282],[-61.55,16.28]]],[[[-61.507,16.349],[-61.509,16.349],[-61.51,16.35],[-61.508,16.35],[-61.507,16.349]]],[[[-61.552,16.284],[-61.555,16.286],[-61.554,16.286],[-61.552,16.285],[-61.552,16.284]]],[[[-61.556,16.286],[-61.556,16.287],[-61.555,16.288],[-61.554,16.287],[-61.556,16.286]]],[[[-61.806,16.268],[-61.806,16.269],[-61.808,16.269],[-61.808,16.27],[-61.81,16.273],[-61.805,16.275],[-61.804,16.276],[-61.804,16.277],[-61.803,16.277],[-61.802,16.279],[-61.803,16.281],[-61.803,16.281],[-61.804,16.282],[-61.803,16.283],[-61.803,16.285],[-61.802,16.285],[-61.802,16.287],[-61.802,16.288],[-61.802,16.289],[-61.803,16.292],[-61.803,16.293],[-61.803,16.295],[-61.802,16.295],[-61.802,16.298],[-61.802,16.299],[-61.802,16.301],[-61.8,16.304],[-61.799,16.304],[-61.798,16.304],[-61.796,16.305],[-61.795,16.307],[-61.795,16.308],[-61.796,16.309],[-61.798,16.31],[-61.8,16.311],[-61.801,16.312],[-61.802,16.312],[-61.802,16.314],[-61.8,16.317],[-61.797,16.318],[-61.792,16.319],[-61.79,16.321],[-61.789,16.322],[-61.787,16.325],[-61.787,16.328],[-61.787,16.33],[-61.789,16.332],[-61.789,16.333],[-61.787,16.336],[-61.786,16.337],[-61.785,16.338],[-61.784,16.338],[-61.779,16.341],[-61.778,16.343],[-61.778,16.346],[-61.778,16.347],[-61.776,16.348],[-61.776,16.35],[-61.775,16.349],[-61.772,16.35],[-61.771,16.35],[-61.77,16.351],[-61.769,16.351],[-61.767,16.352],[-61.766,16.353],[-61.764,16.354],[-61.763,16.354],[-61.761,16.355],[-61.759,16.356],[-61.757,16.354],[-61.754,16.354],[-61.75,16.354],[-61.749,16.355],[-61.748,16.356],[-61.746,16.357],[-61.746,16.358],[-61.746,16.36],[-61.744,16.361],[-61.743,16.362],[-61.742,16.361],[-61.74,16.36],[-61.739,16.36],[-61.737,16.358],[-61.735,16.357],[-61.732,16.356],[-61.731,16.357],[-61.729,16.358],[-61.729,16.357],[-61.728,16.357],[-61.728,16.355],[-61.726,16.354],[-61.724,16.354],[-61.725,16.353],[-61.721,16.35],[-61.722,16.349],[-61.721,16.347],[-61.72,16.348],[-61.719,16.346],[-61.718,16.346],[-61.717,16.345],[-61.716,16.344],[-61.717,16.343],[-61.716,16.341],[-61.716,16.341],[-61.716,16.34],[-61.715,16.339],[-61.714,16.338],[-61.714,16.337],[-61.711,16.337],[-61.709,16.336],[-61.707,16.336],[-61.707,16.337],[-61.703,16.337],[-61.701,16.334],[-61.7,16.335],[-61.699,16.335],[-61.698,16.334],[-61.696,16.334],[-61.695,16.335],[-61.694,16.335],[-61.692,16.333],[-61.692,16.332],[-61.691,16.331],[-61.689,16.331],[-61.689,16.33],[-61.687,16.33],[-61.686,16.329],[-61.686,16.326],[-61.686,16.326],[-61.685,16.325],[-61.684,16.325],[-61.681,16.325],[-61.68,16.327],[-61.681,16.327],[-61.68,16.328],[-61.679,16.328],[-61.678,16.327],[-61.677,16.326],[-61.675,16.326],[-61.674,16.325],[-61.673,16.325],[-61.673,16.323],[-61.672,16.323],[-61.672,16.322],[-61.671,16.321],[-61.67,16.32],[-61.671,16.318],[-61.67,16.318],[-61.669,16.317],[-61.667,16.319],[-61.667,16.32],[-61.666,16.318],[-61.665,16.318],[-61.663,16.318],[-61.661,16.32],[-61.66,16.32],[-61.658,16.32],[-61.655,16.32],[-61.654,16.321],[-61.652,16.321],[-61.65,16.321],[-61.649,16.319],[-61.647,16.319],[-61.646,16.318],[-61.644,16.318],[-61.641,16.316],[-61.641,16.316],[-61.642,16.315],[-61.643,16.313],[-61.645,16.313],[-61.645,16.311],[-61.643,16.309],[-61.641,16.309],[-61.638,16.309],[-61.637,16.309],[-61.637,16.309],[-61.635,16.308],[-61.634,16.307],[-61.634,16.306],[-61.633,16.305],[-61.629,16.305],[-61.628,16.304],[-61.627,16.303],[-61.626,16.302],[-61.624,16.301],[-61.623,16.301],[-61.618,16.302],[-61.617,16.303],[-61.614,16.303],[-61.613,16.303],[-61.612,16.304],[-61.609,16.304],[-61.605,16.304],[-61.604,16.304],[-61.602,16.303],[-61.602,16.303],[-61.601,16.301],[-61.602,16.299],[-61.604,16.298],[-61.606,16.298],[-61.607,16.296],[-61.609,16.295],[-61.611,16.294],[-61.611,16.292],[-61.611,16.29],[-61.612,16.287],[-61.612,16.285],[-61.614,16.283],[-61.616,16.282],[-61.618,16.282],[-61.62,16.283],[-61.621,16.283],[-61.619,16.285],[-61.618,16.285],[-61.617,16.288],[-61.617,16.288],[-61.618,16.289],[-61.618,16.29],[-61.62,16.292],[-61.621,16.292],[-61.621,16.291],[-61.619,16.289],[-61.619,16.287],[-61.621,16.285],[-61.622,16.284],[-61.624,16.283],[-61.626,16.283],[-61.627,16.281],[-61.627,16.278],[-61.626,16.277],[-61.624,16.275],[-61.623,16.276],[-61.62,16.277],[-61.616,16.278],[-61.613,16.279],[-61.612,16.279],[-61.611,16.279],[-61.611,16.276],[-61.612,16.274],[-61.615,16.27],[-61.615,16.269],[-61.614,16.268],[-61.612,16.267],[-61.611,16.268],[-61.61,16.268],[-61.608,16.268],[-61.606,16.27],[-61.605,16.272],[-61.603,16.273],[-61.602,16.274],[-61.602,16.275],[-61.6,16.28],[-61.599,16.281],[-61.599,16.282],[-61.597,16.281],[-61.598,16.28],[-61.599,16.278],[-61.597,16.276],[-61.597,16.275],[-61.598,16.273],[-61.598,16.273],[-61.601,16.271],[-61.601,16.269],[-61.599,16.266],[-61.597,16.266],[-61.595,16.266],[-61.592,16.267],[-61.591,16.267],[-61.589,16.268],[-61.589,16.268],[-61.585,16.27],[-61.584,16.27],[-61.583,16.272],[-61.583,16.274],[-61.583,16.274],[-61.582,16.276],[-61.579,16.279],[-61.579,16.282],[-61.58,16.282],[-61.58,16.284],[-61.577,16.284],[-61.576,16.285],[-61.575,16.283],[-61.575,16.282],[-61.573,16.282],[-61.572,16.282],[-61.57,16.282],[-61.569,16.284],[-61.566,16.286],[-61.565,16.287],[-61.563,16.286],[-61.563,16.285],[-61.562,16.285],[-61.562,16.283],[-61.56,16.284],[-61.56,16.285],[-61.559,16.286],[-61.555,16.285],[-61.555,16.284],[-61.554,16.283],[-61.553,16.282],[-61.553,16.281],[-61.553,16.279],[-61.556,16.277],[-61.556,16.279],[-61.56,16.28],[-61.56,16.279],[-61.561,16.277],[-61.561,16.276],[-61.559,16.276],[-61.558,16.276],[-61.557,16.274],[-61.556,16.273],[-61.555,16.273],[-61.555,16.275],[-61.555,16.277],[-61.553,16.278],[-61.553,16.278],[-61.551,16.278],[-61.55,16.278],[-61.549,16.276],[-61.55,16.275],[-61.549,16.272],[-61.548,16.27],[-61.549,16.27],[-61.549,16.268],[-61.548,16.267],[-61.548,16.266],[-61.548,16.264],[-61.548,16.261],[-61.548,16.26],[-61.547,16.259],[-61.547,16.256],[-61.549,16.254],[-61.55,16.252],[-61.551,16.252],[-61.553,16.251],[-61.553,16.25],[-61.552,16.248],[-61.551,16.246],[-61.55,16.245],[-61.548,16.242],[-61.549,16.242],[-61.551,16.238],[-61.551,16.236],[-61.55,16.233],[-61.549,16.232],[-61.547,16.232],[-61.547,16.233],[-61.543,16.233],[-61.542,16.231],[-61.546,16.228],[-61.547,16.228],[-61.545,16.226],[-61.545,16.225],[-61.546,16.224],[-61.548,16.223],[-61.552,16.224],[-61.553,16.225],[-61.553,16.226],[-61.554,16.23],[-61.556,16.233],[-61.558,16.233],[-61.558,16.235],[-61.559,16.235],[-61.561,16.235],[-61.562,16.234],[-61.563,16.233],[-61.562,16.232],[-61.564,16.232],[-61.567,16.234],[-61.567,16.235],[-61.567,16.236],[-61.571,16.236],[-61.573,16.236],[-61.574,16.234],[-61.575,16.234],[-61.577,16.235],[-61.578,16.236],[-61.579,16.237],[-61.58,16.237],[-61.583,16.234],[-61.584,16.233],[-61.584,16.231],[-61.585,16.23],[-61.586,16.226],[-61.588,16.223],[-61.588,16.22],[-61.588,16.218],[-61.587,16.217],[-61.585,16.214],[-61.586,16.214],[-61.587,16.212],[-61.588,16.21],[-61.586,16.209],[-61.586,16.208],[-61.585,16.207],[-61.583,16.205],[-61.585,16.201],[-61.588,16.2],[-61.588,16.198],[-61.59,16.195],[-61.59,16.193],[-61.59,16.192],[-61.59,16.189],[-61.589,16.188],[-61.589,16.186],[-61.589,16.185],[-61.586,16.183],[-61.586,16.181],[-61.584,16.18],[-61.581,16.18],[-61.58,16.179],[-61.581,16.176],[-61.58,16.175],[-61.58,16.173],[-61.581,16.173],[-61.582,16.172],[-61.583,16.171],[-61.585,16.169],[-61.585,16.168],[-61.584,16.163],[-61.582,16.161],[-61.582,16.159],[-61.582,16.158],[-61.582,16.156],[-61.581,16.155],[-61.578,16.154],[-61.575,16.154],[-61.575,16.152],[-61.574,16.15],[-61.576,16.15],[-61.576,16.147],[-61.576,16.145],[-61.578,16.145],[-61.578,16.143],[-61.576,16.142],[-61.576,16.141],[-61.576,16.14],[-61.574,16.139],[-61.574,16.138],[-61.573,16.137],[-61.571,16.136],[-61.571,16.136],[-61.568,16.135],[-61.566,16.134],[-61.565,16.135],[-61.563,16.134],[-61.562,16.133],[-61.561,16.131],[-61.561,16.13],[-61.561,16.128],[-61.563,16.127],[-61.564,16.126],[-61.566,16.125],[-61.568,16.123],[-61.57,16.121],[-61.57,16.117],[-61.57,16.114],[-61.569,16.111],[-61.567,16.108],[-61.566,16.108],[-61.563,16.108],[-61.563,16.106],[-61.563,16.105],[-61.564,16.103],[-61.563,16.103],[-61.562,16.103],[-61.561,16.102],[-61.561,16.099],[-61.562,16.098],[-61.561,16.096],[-61.561,16.095],[-61.559,16.095],[-61.559,16.093],[-61.56,16.091],[-61.56,16.089],[-61.56,16.088],[-61.561,16.087],[-61.561,16.083],[-61.561,16.081],[-61.56,16.079],[-61.559,16.078],[-61.561,16.074],[-61.561,16.072],[-61.561,16.068],[-61.561,16.063],[-61.56,16.061],[-61.559,16.059],[-61.558,16.059],[-61.556,16.056],[-61.555,16.055],[-61.555,16.053],[-61.556,16.053],[-61.558,16.054],[-61.557,16.052],[-61.556,16.051],[-61.557,16.05],[-61.559,16.05],[-61.561,16.048],[-61.561,16.046],[-61.563,16.044],[-61.564,16.043],[-61.564,16.042],[-61.565,16.038],[-61.565,16.037],[-61.565,16.034],[-61.568,16.031],[-61.569,16.03],[-61.57,16.028],[-61.569,16.026],[-61.57,16.025],[-61.572,16.025],[-61.572,16.023],[-61.573,16.022],[-61.574,16.021],[-61.577,16.02],[-61.578,16.02],[-61.58,16.019],[-61.582,16.017],[-61.582,16.016],[-61.583,16.015],[-61.584,16.013],[-61.584,16.012],[-61.586,16.012],[-61.588,16.012],[-61.589,16.011],[-61.588,16.01],[-61.589,16.009],[-61.59,16.009],[-61.591,16.009],[-61.592,16.007],[-61.592,16.007],[-61.594,16.005],[-61.596,16.004],[-61.597,16.004],[-61.598,16.003],[-61.598,16.001],[-61.601,16.001],[-61.603,16],[-61.603,15.999],[-61.603,15.997],[-61.604,15.997],[-61.604,15.995],[-61.606,15.995],[-61.607,15.994],[-61.608,15.992],[-61.611,15.992],[-61.612,15.991],[-61.614,15.989],[-61.614,15.987],[-61.615,15.986],[-61.615,15.984],[-61.614,15.982],[-61.616,15.98],[-61.618,15.979],[-61.62,15.978],[-61.62,15.977],[-61.62,15.976],[-61.619,15.975],[-61.618,15.973],[-61.619,15.972],[-61.62,15.972],[-61.621,15.973],[-61.622,15.972],[-61.625,15.971],[-61.626,15.972],[-61.627,15.972],[-61.629,15.97],[-61.63,15.97],[-61.63,15.967],[-61.631,15.967],[-61.633,15.968],[-61.633,15.967],[-61.635,15.966],[-61.636,15.967],[-61.637,15.968],[-61.64,15.968],[-61.641,15.968],[-61.642,15.967],[-61.644,15.967],[-61.644,15.967],[-61.645,15.968],[-61.647,15.969],[-61.649,15.97],[-61.651,15.969],[-61.652,15.967],[-61.652,15.967],[-61.654,15.967],[-61.655,15.965],[-61.657,15.963],[-61.658,15.961],[-61.659,15.96],[-61.66,15.961],[-61.662,15.963],[-61.662,15.964],[-61.663,15.964],[-61.665,15.964],[-61.669,15.962],[-61.672,15.959],[-61.674,15.957],[-61.673,15.956],[-61.675,15.954],[-61.676,15.953],[-61.679,15.952],[-61.68,15.951],[-61.68,15.951],[-61.682,15.951],[-61.685,15.95],[-61.688,15.949],[-61.691,15.949],[-61.693,15.948],[-61.693,15.949],[-61.696,15.948],[-61.697,15.947],[-61.7,15.947],[-61.702,15.947],[-61.704,15.949],[-61.705,15.949],[-61.707,15.948],[-61.708,15.949],[-61.708,15.951],[-61.707,15.952],[-61.708,15.953],[-61.71,15.955],[-61.709,15.956],[-61.709,15.958],[-61.709,15.959],[-61.708,15.961],[-61.708,15.962],[-61.709,15.965],[-61.709,15.968],[-61.71,15.971],[-61.71,15.971],[-61.711,15.974],[-61.712,15.976],[-61.713,15.978],[-61.715,15.98],[-61.716,15.982],[-61.715,15.983],[-61.717,15.984],[-61.718,15.984],[-61.721,15.985],[-61.723,15.985],[-61.726,15.988],[-61.73,15.992],[-61.732,15.996],[-61.733,15.995],[-61.734,15.997],[-61.734,15.997],[-61.736,16],[-61.739,16.003],[-61.74,16.004],[-61.743,16.005],[-61.744,16.007],[-61.744,16.008],[-61.746,16.009],[-61.747,16.011],[-61.747,16.013],[-61.747,16.017],[-61.747,16.018],[-61.747,16.022],[-61.748,16.023],[-61.748,16.026],[-61.748,16.027],[-61.749,16.03],[-61.75,16.032],[-61.751,16.034],[-61.754,16.037],[-61.754,16.039],[-61.755,16.04],[-61.756,16.041],[-61.757,16.042],[-61.758,16.044],[-61.761,16.046],[-61.761,16.046],[-61.762,16.048],[-61.764,16.049],[-61.765,16.049],[-61.765,16.05],[-61.766,16.053],[-61.767,16.054],[-61.768,16.056],[-61.769,16.058],[-61.77,16.059],[-61.77,16.063],[-61.77,16.067],[-61.769,16.069],[-61.768,16.074],[-61.768,16.077],[-61.769,16.079],[-61.768,16.081],[-61.767,16.084],[-61.769,16.086],[-61.769,16.086],[-61.769,16.087],[-61.767,16.089],[-61.767,16.091],[-61.769,16.091],[-61.77,16.09],[-61.771,16.09],[-61.771,16.091],[-61.773,16.091],[-61.773,16.093],[-61.773,16.093],[-61.772,16.094],[-61.77,16.095],[-61.772,16.097],[-61.774,16.098],[-61.772,16.1],[-61.772,16.102],[-61.773,16.102],[-61.774,16.102],[-61.775,16.104],[-61.774,16.105],[-61.773,16.105],[-61.773,16.106],[-61.773,16.109],[-61.774,16.111],[-61.774,16.111],[-61.773,16.112],[-61.774,16.114],[-61.774,16.117],[-61.774,16.118],[-61.773,16.121],[-61.773,16.122],[-61.774,16.122],[-61.774,16.124],[-61.773,16.124],[-61.774,16.125],[-61.773,16.127],[-61.77,16.128],[-61.77,16.128],[-61.77,16.131],[-61.771,16.133],[-61.771,16.134],[-61.772,16.136],[-61.773,16.136],[-61.774,16.137],[-61.775,16.139],[-61.776,16.139],[-61.778,16.14],[-61.78,16.139],[-61.78,16.14],[-61.779,16.141],[-61.779,16.143],[-61.777,16.145],[-61.778,16.146],[-61.776,16.146],[-61.775,16.148],[-61.775,16.149],[-61.776,16.15],[-61.776,16.151],[-61.776,16.153],[-61.776,16.156],[-61.776,16.159],[-61.776,16.162],[-61.776,16.163],[-61.776,16.166],[-61.777,16.169],[-61.777,16.17],[-61.776,16.171],[-61.778,16.173],[-61.779,16.174],[-61.782,16.174],[-61.783,16.174],[-61.784,16.176],[-61.784,16.177],[-61.783,16.178],[-61.784,16.179],[-61.783,16.18],[-61.784,16.182],[-61.784,16.184],[-61.783,16.185],[-61.784,16.186],[-61.782,16.188],[-61.783,16.189],[-61.784,16.19],[-61.784,16.191],[-61.786,16.193],[-61.787,16.194],[-61.788,16.195],[-61.787,16.197],[-61.787,16.199],[-61.786,16.2],[-61.786,16.202],[-61.785,16.205],[-61.784,16.206],[-61.783,16.208],[-61.783,16.211],[-61.782,16.214],[-61.783,16.215],[-61.783,16.216],[-61.785,16.218],[-61.785,16.22],[-61.785,16.222],[-61.785,16.224],[-61.786,16.227],[-61.788,16.229],[-61.789,16.23],[-61.79,16.232],[-61.792,16.236],[-61.794,16.236],[-61.795,16.236],[-61.796,16.237],[-61.797,16.24],[-61.798,16.24],[-61.8,16.242],[-61.802,16.243],[-61.801,16.244],[-61.802,16.247],[-61.803,16.248],[-61.802,16.25],[-61.803,16.251],[-61.803,16.252],[-61.803,16.253],[-61.805,16.254],[-61.805,16.257],[-61.806,16.257],[-61.806,16.259],[-61.805,16.263],[-61.805,16.264],[-61.807,16.266],[-61.806,16.268]]],[[[-61.53,16.218],[-61.531,16.219],[-61.533,16.221],[-61.532,16.222],[-61.529,16.218],[-61.527,16.218],[-61.526,16.217],[-61.523,16.217],[-61.523,16.219],[-61.523,16.221],[-61.525,16.221],[-61.525,16.22],[-61.526,16.219],[-61.528,16.22],[-61.529,16.22],[-61.53,16.221],[-61.527,16.221],[-61.527,16.223],[-61.53,16.223],[-61.53,16.224],[-61.532,16.225],[-61.533,16.225],[-61.533,16.226],[-61.53,16.226],[-61.53,16.227],[-61.531,16.227],[-61.532,16.228],[-61.532,16.229],[-61.534,16.229],[-61.535,16.231],[-61.535,16.233],[-61.533,16.233],[-61.533,16.234],[-61.534,16.235],[-61.535,16.236],[-61.536,16.235],[-61.537,16.234],[-61.538,16.235],[-61.54,16.237],[-61.539,16.238],[-61.539,16.24],[-61.542,16.24],[-61.541,16.242],[-61.541,16.244],[-61.548,16.25],[-61.547,16.251],[-61.549,16.251],[-61.55,16.252],[-61.548,16.253],[-61.547,16.254],[-61.547,16.254],[-61.547,16.258],[-61.547,16.259],[-61.547,16.26],[-61.548,16.262],[-61.547,16.263],[-61.547,16.266],[-61.546,16.267],[-61.548,16.268],[-61.548,16.269],[-61.547,16.27],[-61.547,16.271],[-61.549,16.272],[-61.549,16.275],[-61.548,16.276],[-61.549,16.277],[-61.548,16.278],[-61.547,16.28],[-61.548,16.281],[-61.549,16.281],[-61.55,16.283],[-61.549,16.284],[-61.551,16.284],[-61.55,16.286],[-61.551,16.287],[-61.552,16.288],[-61.554,16.287],[-61.554,16.288],[-61.553,16.289],[-61.552,16.289],[-61.551,16.287],[-61.55,16.289],[-61.548,16.291],[-61.546,16.292],[-61.544,16.292],[-61.544,16.291],[-61.544,16.29],[-61.543,16.29],[-61.542,16.289],[-61.541,16.29],[-61.542,16.294],[-61.542,16.296],[-61.544,16.295],[-61.546,16.296],[-61.546,16.298],[-61.547,16.299],[-61.547,16.301],[-61.546,16.303],[-61.545,16.304],[-61.544,16.304],[-61.546,16.303],[-61.545,16.301],[-61.544,16.301],[-61.543,16.303],[-61.541,16.302],[-61.539,16.305],[-61.538,16.306],[-61.537,16.306],[-61.537,16.309],[-61.537,16.31],[-61.537,16.311],[-61.536,16.311],[-61.536,16.312],[-61.534,16.313],[-61.535,16.314],[-61.534,16.316],[-61.536,16.317],[-61.536,16.319],[-61.534,16.323],[-61.534,16.325],[-61.533,16.326],[-61.534,16.327],[-61.535,16.329],[-61.535,16.33],[-61.536,16.331],[-61.535,16.333],[-61.533,16.335],[-61.53,16.337],[-61.53,16.338],[-61.528,16.337],[-61.528,16.339],[-61.529,16.338],[-61.53,16.339],[-61.526,16.341],[-61.525,16.342],[-61.524,16.344],[-61.523,16.344],[-61.523,16.345],[-61.521,16.344],[-61.519,16.343],[-61.516,16.343],[-61.515,16.343],[-61.513,16.343],[-61.508,16.342],[-61.507,16.344],[-61.507,16.345],[-61.507,16.346],[-61.504,16.345],[-61.507,16.348],[-61.507,16.349],[-61.506,16.35],[-61.505,16.349],[-61.504,16.349],[-61.504,16.351],[-61.503,16.351],[-61.502,16.352],[-61.499,16.352],[-61.498,16.352],[-61.497,16.352],[-61.495,16.352],[-61.494,16.353],[-61.494,16.354],[-61.495,16.354],[-61.497,16.355],[-61.5,16.355],[-61.5,16.356],[-61.498,16.356],[-61.498,16.357],[-61.497,16.359],[-61.496,16.361],[-61.498,16.362],[-61.499,16.362],[-61.5,16.363],[-61.501,16.364],[-61.501,16.365],[-61.499,16.365],[-61.498,16.367],[-61.497,16.367],[-61.497,16.368],[-61.496,16.37],[-61.497,16.372],[-61.496,16.373],[-61.496,16.374],[-61.496,16.375],[-61.495,16.377],[-61.496,16.377],[-61.496,16.378],[-61.497,16.379],[-61.498,16.382],[-61.5,16.384],[-61.503,16.385],[-61.503,16.386],[-61.505,16.387],[-61.505,16.387],[-61.506,16.389],[-61.507,16.389],[-61.507,16.387],[-61.509,16.386],[-61.51,16.387],[-61.511,16.387],[-61.512,16.39],[-61.514,16.389],[-61.517,16.391],[-61.518,16.391],[-61.52,16.392],[-61.523,16.393],[-61.524,16.393],[-61.525,16.394],[-61.526,16.395],[-61.527,16.396],[-61.527,16.398],[-61.528,16.399],[-61.529,16.4],[-61.529,16.401],[-61.529,16.402],[-61.529,16.405],[-61.53,16.407],[-61.53,16.409],[-61.531,16.41],[-61.531,16.412],[-61.532,16.413],[-61.532,16.414],[-61.533,16.415],[-61.533,16.418],[-61.534,16.419],[-61.535,16.421],[-61.534,16.422],[-61.533,16.424],[-61.535,16.427],[-61.536,16.429],[-61.537,16.431],[-61.537,16.436],[-61.538,16.437],[-61.539,16.438],[-61.541,16.437],[-61.541,16.438],[-61.541,16.439],[-61.54,16.44],[-61.539,16.442],[-61.538,16.444],[-61.537,16.446],[-61.536,16.448],[-61.536,16.449],[-61.536,16.45],[-61.536,16.454],[-61.535,16.455],[-61.532,16.458],[-61.53,16.461],[-61.529,16.461],[-61.526,16.462],[-61.523,16.463],[-61.522,16.465],[-61.522,16.467],[-61.521,16.468],[-61.518,16.471],[-61.515,16.472],[-61.512,16.472],[-61.51,16.473],[-61.509,16.474],[-61.508,16.474],[-61.507,16.477],[-61.506,16.478],[-61.505,16.481],[-61.504,16.482],[-61.504,16.484],[-61.501,16.484],[-61.499,16.485],[-61.497,16.486],[-61.496,16.486],[-61.494,16.488],[-61.493,16.489],[-61.492,16.49],[-61.49,16.49],[-61.489,16.49],[-61.486,16.491],[-61.485,16.493],[-61.485,16.494],[-61.483,16.496],[-61.482,16.496],[-61.481,16.497],[-61.48,16.497],[-61.48,16.499],[-61.48,16.499],[-61.479,16.502],[-61.478,16.504],[-61.478,16.505],[-61.476,16.505],[-61.475,16.506],[-61.475,16.509],[-61.474,16.51],[-61.473,16.511],[-61.472,16.51],[-61.471,16.511],[-61.471,16.511],[-61.47,16.512],[-61.469,16.511],[-61.467,16.51],[-61.465,16.514],[-61.464,16.513],[-61.465,16.51],[-61.467,16.507],[-61.466,16.506],[-61.465,16.507],[-61.464,16.506],[-61.463,16.505],[-61.461,16.505],[-61.462,16.504],[-61.463,16.504],[-61.463,16.502],[-61.461,16.499],[-61.459,16.501],[-61.457,16.499],[-61.456,16.5],[-61.454,16.5],[-61.452,16.498],[-61.451,16.498],[-61.448,16.5],[-61.447,16.5],[-61.446,16.5],[-61.445,16.499],[-61.444,16.5],[-61.444,16.497],[-61.443,16.495],[-61.443,16.49],[-61.441,16.489],[-61.441,16.49],[-61.44,16.491],[-61.439,16.491],[-61.439,16.489],[-61.437,16.489],[-61.436,16.488],[-61.435,16.487],[-61.434,16.488],[-61.434,16.486],[-61.433,16.485],[-61.433,16.484],[-61.431,16.483],[-61.43,16.483],[-61.428,16.482],[-61.428,16.481],[-61.428,16.48],[-61.426,16.479],[-61.427,16.478],[-61.426,16.478],[-61.425,16.476],[-61.424,16.476],[-61.422,16.475],[-61.421,16.475],[-61.421,16.476],[-61.42,16.476],[-61.42,16.475],[-61.419,16.475],[-61.417,16.471],[-61.416,16.472],[-61.415,16.471],[-61.415,16.471],[-61.414,16.469],[-61.412,16.471],[-61.411,16.469],[-61.411,16.468],[-61.41,16.467],[-61.41,16.466],[-61.409,16.465],[-61.41,16.465],[-61.41,16.464],[-61.411,16.461],[-61.41,16.46],[-61.409,16.46],[-61.409,16.459],[-61.409,16.458],[-61.408,16.456],[-61.407,16.453],[-61.408,16.452],[-61.407,16.452],[-61.406,16.45],[-61.407,16.448],[-61.406,16.446],[-61.405,16.446],[-61.405,16.447],[-61.403,16.445],[-61.403,16.444],[-61.403,16.443],[-61.402,16.443],[-61.401,16.44],[-61.401,16.438],[-61.4,16.434],[-61.4,16.433],[-61.399,16.433],[-61.399,16.432],[-61.398,16.43],[-61.398,16.428],[-61.399,16.427],[-61.399,16.425],[-61.398,16.424],[-61.398,16.421],[-61.398,16.418],[-61.4,16.418],[-61.4,16.416],[-61.402,16.416],[-61.402,16.415],[-61.401,16.414],[-61.4,16.411],[-61.402,16.409],[-61.401,16.408],[-61.403,16.407],[-61.405,16.407],[-61.406,16.405],[-61.405,16.404],[-61.404,16.402],[-61.404,16.402],[-61.404,16.399],[-61.404,16.397],[-61.406,16.396],[-61.405,16.394],[-61.404,16.392],[-61.405,16.391],[-61.406,16.388],[-61.405,16.385],[-61.405,16.384],[-61.403,16.382],[-61.403,16.381],[-61.403,16.379],[-61.403,16.379],[-61.402,16.377],[-61.402,16.375],[-61.398,16.37],[-61.398,16.369],[-61.397,16.367],[-61.396,16.367],[-61.396,16.366],[-61.394,16.365],[-61.393,16.364],[-61.393,16.36],[-61.392,16.359],[-61.391,16.359],[-61.389,16.357],[-61.388,16.356],[-61.387,16.354],[-61.386,16.353],[-61.386,16.352],[-61.384,16.35],[-61.383,16.349],[-61.382,16.348],[-61.382,16.347],[-61.38,16.345],[-61.38,16.344],[-61.378,16.344],[-61.378,16.343],[-61.377,16.342],[-61.376,16.341],[-61.373,16.34],[-61.371,16.339],[-61.369,16.34],[-61.368,16.339],[-61.368,16.338],[-61.369,16.335],[-61.367,16.335],[-61.367,16.338],[-61.365,16.338],[-61.364,16.338],[-61.362,16.337],[-61.362,16.336],[-61.36,16.336],[-61.357,16.336],[-61.356,16.335],[-61.352,16.334],[-61.351,16.334],[-61.35,16.335],[-61.349,16.335],[-61.347,16.336],[-61.345,16.335],[-61.345,16.334],[-61.345,16.333],[-61.343,16.333],[-61.343,16.331],[-61.342,16.33],[-61.341,16.331],[-61.34,16.333],[-61.339,16.334],[-61.334,16.334],[-61.332,16.334],[-61.33,16.333],[-61.329,16.334],[-61.326,16.333],[-61.324,16.332],[-61.321,16.331],[-61.318,16.331],[-61.318,16.33],[-61.315,16.33],[-61.313,16.332],[-61.31,16.331],[-61.309,16.329],[-61.307,16.327],[-61.305,16.325],[-61.304,16.325],[-61.302,16.326],[-61.301,16.327],[-61.299,16.328],[-61.297,16.328],[-61.297,16.325],[-61.298,16.323],[-61.297,16.323],[-61.296,16.324],[-61.294,16.322],[-61.292,16.322],[-61.291,16.321],[-61.288,16.321],[-61.287,16.322],[-61.286,16.322],[-61.284,16.32],[-61.283,16.32],[-61.282,16.318],[-61.282,16.317],[-61.281,16.317],[-61.279,16.317],[-61.277,16.317],[-61.276,16.314],[-61.276,16.313],[-61.274,16.313],[-61.273,16.314],[-61.272,16.312],[-61.269,16.311],[-61.269,16.311],[-61.266,16.309],[-61.266,16.308],[-61.267,16.307],[-61.266,16.305],[-61.265,16.306],[-61.264,16.306],[-61.262,16.306],[-61.26,16.304],[-61.258,16.303],[-61.258,16.302],[-61.257,16.301],[-61.256,16.298],[-61.257,16.296],[-61.254,16.294],[-61.253,16.293],[-61.253,16.292],[-61.25,16.287],[-61.248,16.283],[-61.247,16.28],[-61.247,16.279],[-61.246,16.279],[-61.246,16.277],[-61.245,16.276],[-61.243,16.275],[-61.243,16.273],[-61.242,16.273],[-61.24,16.272],[-61.238,16.27],[-61.236,16.268],[-61.234,16.267],[-61.232,16.267],[-61.23,16.266],[-61.225,16.265],[-61.224,16.264],[-61.22,16.264],[-61.22,16.264],[-61.218,16.263],[-61.218,16.262],[-61.217,16.26],[-61.216,16.26],[-61.215,16.259],[-61.212,16.259],[-61.209,16.258],[-61.207,16.255],[-61.204,16.255],[-61.203,16.254],[-61.201,16.254],[-61.199,16.255],[-61.199,16.256],[-61.199,16.258],[-61.198,16.258],[-61.198,16.257],[-61.196,16.255],[-61.194,16.254],[-61.193,16.254],[-61.191,16.255],[-61.189,16.255],[-61.186,16.254],[-61.184,16.252],[-61.183,16.251],[-61.18,16.248],[-61.179,16.248],[-61.177,16.248],[-61.176,16.249],[-61.176,16.247],[-61.176,16.246],[-61.174,16.246],[-61.174,16.245],[-61.175,16.244],[-61.175,16.243],[-61.177,16.242],[-61.178,16.243],[-61.179,16.245],[-61.183,16.246],[-61.184,16.246],[-61.187,16.248],[-61.189,16.249],[-61.19,16.249],[-61.191,16.25],[-61.193,16.25],[-61.193,16.25],[-61.195,16.25],[-61.199,16.25],[-61.2,16.25],[-61.201,16.25],[-61.203,16.25],[-61.204,16.25],[-61.207,16.25],[-61.208,16.251],[-61.208,16.251],[-61.21,16.251],[-61.214,16.251],[-61.219,16.253],[-61.221,16.253],[-61.224,16.254],[-61.225,16.253],[-61.229,16.253],[-61.233,16.253],[-61.235,16.254],[-61.238,16.254],[-61.241,16.255],[-61.244,16.255],[-61.249,16.255],[-61.253,16.256],[-61.254,16.256],[-61.256,16.256],[-61.259,16.255],[-61.261,16.253],[-61.264,16.251],[-61.266,16.252],[-61.268,16.253],[-61.268,16.252],[-61.266,16.252],[-61.266,16.25],[-61.267,16.25],[-61.269,16.25],[-61.271,16.25],[-61.273,16.25],[-61.274,16.251],[-61.276,16.251],[-61.279,16.251],[-61.281,16.25],[-61.281,16.249],[-61.284,16.248],[-61.285,16.247],[-61.287,16.246],[-61.289,16.245],[-61.292,16.244],[-61.294,16.245],[-61.294,16.243],[-61.297,16.244],[-61.298,16.243],[-61.301,16.244],[-61.303,16.243],[-61.305,16.242],[-61.309,16.242],[-61.31,16.242],[-61.311,16.242],[-61.314,16.242],[-61.315,16.242],[-61.316,16.241],[-61.317,16.241],[-61.317,16.24],[-61.319,16.24],[-61.321,16.241],[-61.323,16.244],[-61.325,16.244],[-61.325,16.244],[-61.324,16.242],[-61.324,16.241],[-61.328,16.242],[-61.33,16.241],[-61.333,16.242],[-61.337,16.242],[-61.339,16.242],[-61.339,16.242],[-61.339,16.241],[-61.341,16.24],[-61.343,16.24],[-61.345,16.238],[-61.348,16.237],[-61.35,16.236],[-61.353,16.236],[-61.354,16.235],[-61.358,16.235],[-61.36,16.235],[-61.363,16.234],[-61.364,16.235],[-61.365,16.234],[-61.367,16.233],[-61.367,16.233],[-61.37,16.232],[-61.372,16.23],[-61.372,16.228],[-61.375,16.227],[-61.376,16.226],[-61.378,16.224],[-61.378,16.223],[-61.379,16.222],[-61.382,16.222],[-61.386,16.224],[-61.388,16.223],[-61.39,16.224],[-61.393,16.221],[-61.394,16.22],[-61.394,16.217],[-61.396,16.217],[-61.397,16.219],[-61.398,16.22],[-61.401,16.219],[-61.402,16.218],[-61.403,16.218],[-61.404,16.217],[-61.406,16.217],[-61.405,16.216],[-61.406,16.215],[-61.407,16.213],[-61.409,16.213],[-61.409,16.212],[-61.41,16.212],[-61.414,16.211],[-61.416,16.211],[-61.417,16.212],[-61.418,16.211],[-61.419,16.21],[-61.42,16.21],[-61.422,16.21],[-61.422,16.208],[-61.423,16.209],[-61.423,16.21],[-61.424,16.209],[-61.425,16.208],[-61.426,16.208],[-61.426,16.209],[-61.426,16.21],[-61.427,16.21],[-61.432,16.21],[-61.432,16.209],[-61.435,16.209],[-61.438,16.209],[-61.44,16.208],[-61.442,16.207],[-61.443,16.204],[-61.444,16.203],[-61.445,16.203],[-61.449,16.201],[-61.451,16.2],[-61.451,16.201],[-61.453,16.2],[-61.455,16.2],[-61.456,16.202],[-61.458,16.201],[-61.46,16.2],[-61.461,16.2],[-61.461,16.198],[-61.463,16.198],[-61.464,16.197],[-61.465,16.197],[-61.468,16.199],[-61.47,16.199],[-61.471,16.199],[-61.473,16.2],[-61.475,16.201],[-61.475,16.202],[-61.476,16.202],[-61.479,16.202],[-61.481,16.202],[-61.483,16.203],[-61.486,16.204],[-61.486,16.205],[-61.487,16.205],[-61.489,16.205],[-61.491,16.205],[-61.493,16.205],[-61.499,16.206],[-61.501,16.205],[-61.503,16.206],[-61.505,16.206],[-61.507,16.207],[-61.507,16.206],[-61.508,16.207],[-61.508,16.209],[-61.508,16.21],[-61.507,16.212],[-61.508,16.215],[-61.51,16.216],[-61.512,16.216],[-61.514,16.215],[-61.515,16.215],[-61.517,16.214],[-61.518,16.215],[-61.519,16.215],[-61.52,16.214],[-61.521,16.213],[-61.522,16.213],[-61.523,16.214],[-61.526,16.215],[-61.528,16.217],[-61.53,16.216],[-61.53,16.218]]],[[[-61.537,16.213],[-61.54,16.213],[-61.543,16.214],[-61.543,16.215],[-61.544,16.216],[-61.543,16.218],[-61.542,16.218],[-61.54,16.215],[-61.537,16.215],[-61.536,16.215],[-61.535,16.213],[-61.537,16.213]]],[[[-61.491,16.198],[-61.492,16.199],[-61.492,16.2],[-61.491,16.199],[-61.491,16.198]]]]},"properties":{"code":"971","nom":"Guadeloupe"}},{"type":"Feature","geometry":{"type":"MultiPolygon","coordinates":[[[[-60.867,14.389],[-60.868,14.389],[-60.869,14.391],[-60.868,14.393],[-60.868,14.393],[-60.867,14.392],[-60.867,14.389],[-60.867,14.389]]],[[[-61.039,14.442],[-61.041,14.443],[-61.04,14.444],[-61.038,14.445],[-61.038,14.443],[-61.038,14.442],[-61.039,14.442]]],[[[-60.827,14.428],[-60.829,14.429],[-60.83,14.43],[-60.83,14.431],[-60.83,14.432],[-60.829,14.432],[-60.827,14.432],[-60.826,14.433],[-60.825,14.431],[-60.825,14.43],[-60.826,14.429],[-60.827,14.428],[-60.827,14.428]]],[[[-60.832,14.416],[-60.832,14.417],[-60.831,14.418],[-60.831,14.417],[-60.832,14.416]]],[[[-60.833,14.41],[-60.834,14.411],[-60.833,14.411],[-60.832,14.41],[-60.833,14.41]]],[[[-60.979,14.474],[-60.98,14.474],[-60.98,14.476],[-60.979,14.477],[-60.979,14.476],[-60.979,14.475],[-60.979,14.474]]],[[[-60.839,14.566],[-60.838,14.568],[-60.836,14.57],[-60.834,14.57],[-60.835,14.568],[-60.836,14.567],[-60.839,14.566]]],[[[-60.988,14.786],[-60.989,14.788],[-60.99,14.787],[-60.991,14.788],[-60.99,14.789],[-60.989,14.789],[-60.987,14.789],[-60.987,14.788],[-60.988,14.786]]],[[[-60.875,14.45],[-60.875,14.451],[-60.875,14.452],[-60.874,14.452],[-60.875,14.45]]],[[[-60.862,14.608],[-60.861,14.61],[-60.859,14.61],[-60.858,14.611],[-60.858,14.612],[-60.857,14.613],[-60.856,14.613],[-60.854,14.613],[-60.853,14.614],[-60.853,14.614],[-60.852,14.614],[-60.852,14.612],[-60.852,14.611],[-60.85,14.611],[-60.85,14.61],[-60.852,14.61],[-60.853,14.61],[-60.854,14.611],[-60.855,14.611],[-60.857,14.611],[-60.858,14.609],[-60.861,14.609],[-60.862,14.608]]],[[[-60.849,14.623],[-60.85,14.625],[-60.849,14.626],[-60.848,14.627],[-60.847,14.627],[-60.847,14.626],[-60.846,14.625],[-60.847,14.624],[-60.849,14.623]]],[[[-60.864,14.618],[-60.864,14.619],[-60.861,14.62],[-60.86,14.621],[-60.859,14.622],[-60.858,14.622],[-60.859,14.621],[-60.86,14.62],[-60.86,14.619],[-60.864,14.618]]],[[[-60.853,14.629],[-60.852,14.629],[-60.852,14.627],[-60.853,14.626],[-60.854,14.626],[-60.854,14.627],[-60.854,14.628],[-60.853,14.629]]],[[[-60.865,14.605],[-60.865,14.606],[-60.864,14.607],[-60.863,14.607],[-60.863,14.606],[-60.864,14.605],[-60.865,14.605]]],[[[-61.021,14.547],[-61.022,14.547],[-61.022,14.548],[-61.022,14.549],[-61.021,14.55],[-61.02,14.55],[-61.019,14.55],[-61.017,14.55],[-61.017,14.55],[-61.016,14.549],[-61.017,14.548],[-61.019,14.548],[-61.02,14.547],[-61.021,14.547]]],[[[-61.079,14.543],[-61.08,14.544],[-61.08,14.545],[-61.079,14.545],[-61.078,14.545],[-61.078,14.544],[-61.079,14.543]]],[[[-60.963,14.771],[-60.965,14.773],[-60.965,14.774],[-60.962,14.773],[-60.962,14.772],[-60.963,14.771]]],[[[-60.879,14.755],[-60.88,14.756],[-60.88,14.757],[-60.879,14.757],[-60.878,14.755],[-60.879,14.755]]],[[[-60.933,14.73],[-60.934,14.731],[-60.933,14.732],[-60.932,14.731],[-60.933,14.73]]],[[[-60.874,14.776],[-60.876,14.776],[-60.876,14.777],[-60.874,14.777],[-60.874,14.776]]],[[[-61.118,14.628],[-61.119,14.628],[-61.12,14.63],[-61.121,14.63],[-61.122,14.629],[-61.123,14.629],[-61.124,14.63],[-61.127,14.632],[-61.129,14.631],[-61.13,14.633],[-61.133,14.633],[-61.134,14.632],[-61.136,14.633],[-61.136,14.634],[-61.137,14.636],[-61.138,14.637],[-61.139,14.637],[-61.139,14.638],[-61.139,14.639],[-61.138,14.64],[-61.138,14.641],[-61.14,14.643],[-61.142,14.643],[-61.142,14.645],[-61.143,14.645],[-61.144,14.646],[-61.145,14.647],[-61.146,14.646],[-61.147,14.647],[-61.148,14.647],[-61.149,14.647],[-61.149,14.648],[-61.15,14.649],[-61.151,14.648],[-61.152,14.65],[-61.152,14.651],[-61.152,14.654],[-61.153,14.655],[-61.154,14.656],[-61.155,14.656],[-61.157,14.657],[-61.158,14.659],[-61.158,14.661],[-61.159,14.662],[-61.158,14.662],[-61.159,14.664],[-61.161,14.666],[-61.162,14.668],[-61.162,14.668],[-61.164,14.671],[-61.164,14.672],[-61.165,14.673],[-61.166,14.674],[-61.168,14.675],[-61.168,14.677],[-61.169,14.678],[-61.17,14.68],[-61.171,14.681],[-61.173,14.683],[-61.173,14.684],[-61.174,14.685],[-61.174,14.686],[-61.175,14.687],[-61.177,14.689],[-61.179,14.694],[-61.18,14.694],[-61.18,14.695],[-61.18,14.696],[-61.182,14.7],[-61.182,14.702],[-61.183,14.703],[-61.184,14.706],[-61.185,14.709],[-61.184,14.713],[-61.184,14.716],[-61.183,14.718],[-61.182,14.719],[-61.182,14.721],[-61.182,14.722],[-61.182,14.724],[-61.181,14.725],[-61.18,14.729],[-61.18,14.731],[-61.179,14.732],[-61.179,14.733],[-61.178,14.735],[-61.177,14.736],[-61.177,14.738],[-61.177,14.741],[-61.177,14.745],[-61.177,14.746],[-61.179,14.748],[-61.179,14.749],[-61.18,14.75],[-61.182,14.752],[-61.183,14.753],[-61.184,14.755],[-61.185,14.757],[-61.187,14.759],[-61.19,14.761],[-61.192,14.762],[-61.192,14.763],[-61.194,14.764],[-61.196,14.766],[-61.198,14.767],[-61.199,14.768],[-61.199,14.769],[-61.201,14.771],[-61.203,14.774],[-61.203,14.777],[-61.205,14.779],[-61.205,14.78],[-61.207,14.781],[-61.209,14.781],[-61.213,14.781],[-61.215,14.782],[-61.215,14.783],[-61.216,14.785],[-61.219,14.789],[-61.22,14.792],[-61.221,14.795],[-61.222,14.796],[-61.223,14.798],[-61.224,14.8],[-61.226,14.801],[-61.227,14.803],[-61.227,14.804],[-61.227,14.806],[-61.226,14.807],[-61.228,14.809],[-61.229,14.812],[-61.229,14.814],[-61.229,14.818],[-61.229,14.818],[-61.229,14.819],[-61.229,14.821],[-61.229,14.822],[-61.228,14.825],[-61.228,14.826],[-61.227,14.828],[-61.227,14.83],[-61.226,14.831],[-61.226,14.832],[-61.224,14.834],[-61.223,14.834],[-61.224,14.836],[-61.223,14.837],[-61.223,14.838],[-61.221,14.84],[-61.22,14.841],[-61.219,14.843],[-61.219,14.844],[-61.219,14.845],[-61.219,14.846],[-61.218,14.846],[-61.218,14.847],[-61.216,14.847],[-61.215,14.848],[-61.214,14.85],[-61.214,14.85],[-61.213,14.852],[-61.213,14.852],[-61.213,14.853],[-61.213,14.854],[-61.212,14.855],[-61.211,14.857],[-61.21,14.858],[-61.208,14.859],[-61.207,14.862],[-61.205,14.862],[-61.204,14.862],[-61.203,14.862],[-61.201,14.862],[-61.199,14.864],[-61.197,14.864],[-61.195,14.865],[-61.194,14.866],[-61.193,14.867],[-61.193,14.867],[-61.192,14.867],[-61.191,14.867],[-61.189,14.868],[-61.188,14.868],[-61.187,14.87],[-61.185,14.87],[-61.183,14.871],[-61.182,14.872],[-61.182,14.874],[-61.181,14.875],[-61.18,14.875],[-61.177,14.874],[-61.174,14.875],[-61.172,14.876],[-61.171,14.877],[-61.168,14.876],[-61.165,14.877],[-61.163,14.878],[-61.16,14.878],[-61.159,14.878],[-61.158,14.878],[-61.154,14.877],[-61.153,14.877],[-61.148,14.879],[-61.148,14.879],[-61.146,14.877],[-61.145,14.877],[-61.144,14.877],[-61.141,14.878],[-61.139,14.878],[-61.137,14.876],[-61.135,14.875],[-61.134,14.875],[-61.133,14.875],[-61.129,14.875],[-61.127,14.875],[-61.125,14.873],[-61.123,14.872],[-61.121,14.872],[-61.12,14.87],[-61.118,14.869],[-61.116,14.87],[-61.114,14.87],[-61.113,14.869],[-61.112,14.869],[-61.109,14.867],[-61.107,14.867],[-61.106,14.867],[-61.105,14.866],[-61.104,14.865],[-61.103,14.864],[-61.1,14.863],[-61.098,14.863],[-61.098,14.862],[-61.097,14.86],[-61.092,14.855],[-61.09,14.854],[-61.089,14.853],[-61.087,14.853],[-61.085,14.853],[-61.084,14.853],[-61.081,14.852],[-61.08,14.851],[-61.079,14.848],[-61.078,14.848],[-61.078,14.847],[-61.076,14.846],[-61.075,14.846],[-61.073,14.846],[-61.073,14.845],[-61.071,14.844],[-61.07,14.843],[-61.069,14.844],[-61.066,14.843],[-61.064,14.843],[-61.064,14.841],[-61.063,14.84],[-61.063,14.839],[-61.06,14.836],[-61.058,14.835],[-61.057,14.834],[-61.056,14.834],[-61.054,14.833],[-61.052,14.833],[-61.05,14.833],[-61.048,14.834],[-61.047,14.834],[-61.046,14.836],[-61.044,14.837],[-61.043,14.837],[-61.043,14.836],[-61.041,14.834],[-61.04,14.834],[-61.04,14.833],[-61.04,14.833],[-61.039,14.831],[-61.038,14.831],[-61.036,14.83],[-61.034,14.831],[-61.031,14.831],[-61.029,14.83],[-61.03,14.829],[-61.03,14.827],[-61.032,14.825],[-61.032,14.823],[-61.029,14.823],[-61.028,14.823],[-61.027,14.823],[-61.026,14.823],[-61.025,14.823],[-61.023,14.822],[-61.023,14.821],[-61.022,14.82],[-61.022,14.819],[-61.021,14.818],[-61.021,14.814],[-61.021,14.813],[-61.019,14.81],[-61.019,14.809],[-61.017,14.808],[-61.015,14.807],[-61.013,14.807],[-61.011,14.807],[-61.009,14.808],[-61.008,14.811],[-61.007,14.811],[-61.008,14.81],[-61.007,14.809],[-61.005,14.808],[-61.004,14.809],[-61.004,14.809],[-61.002,14.809],[-61.001,14.808],[-61.003,14.806],[-61.003,14.806],[-61.004,14.805],[-61.004,14.803],[-61.003,14.803],[-61.004,14.802],[-61.005,14.802],[-61.005,14.8],[-61.004,14.798],[-61.003,14.797],[-61.002,14.796],[-61,14.795],[-60.998,14.794],[-60.998,14.792],[-60.999,14.791],[-60.997,14.788],[-60.997,14.788],[-60.995,14.786],[-60.993,14.785],[-60.992,14.785],[-60.991,14.786],[-60.991,14.785],[-60.991,14.783],[-60.99,14.781],[-60.989,14.78],[-60.988,14.779],[-60.987,14.778],[-60.987,14.778],[-60.985,14.779],[-60.983,14.778],[-60.983,14.778],[-60.981,14.779],[-60.98,14.778],[-60.98,14.778],[-60.98,14.776],[-60.979,14.775],[-60.982,14.776],[-60.983,14.775],[-60.983,14.774],[-60.981,14.773],[-60.98,14.772],[-60.98,14.771],[-60.979,14.769],[-60.978,14.769],[-60.977,14.769],[-60.976,14.769],[-60.975,14.769],[-60.974,14.768],[-60.974,14.767],[-60.975,14.766],[-60.974,14.765],[-60.973,14.763],[-60.972,14.763],[-60.97,14.762],[-60.969,14.761],[-60.968,14.761],[-60.968,14.759],[-60.966,14.757],[-60.966,14.756],[-60.967,14.755],[-60.968,14.754],[-60.967,14.753],[-60.966,14.751],[-60.966,14.75],[-60.965,14.748],[-60.963,14.747],[-60.962,14.748],[-60.962,14.747],[-60.963,14.746],[-60.963,14.745],[-60.963,14.744],[-60.963,14.743],[-60.962,14.741],[-60.963,14.74],[-60.963,14.739],[-60.962,14.738],[-60.961,14.738],[-60.96,14.738],[-60.959,14.737],[-60.958,14.737],[-60.957,14.736],[-60.955,14.737],[-60.954,14.738],[-60.954,14.74],[-60.953,14.742],[-60.953,14.742],[-60.953,14.745],[-60.952,14.746],[-60.953,14.748],[-60.952,14.748],[-60.951,14.749],[-60.951,14.75],[-60.95,14.752],[-60.948,14.752],[-60.948,14.754],[-60.947,14.754],[-60.945,14.755],[-60.945,14.757],[-60.944,14.757],[-60.942,14.757],[-60.941,14.758],[-60.94,14.758],[-60.939,14.758],[-60.935,14.76],[-60.935,14.76],[-60.935,14.761],[-60.935,14.762],[-60.934,14.761],[-60.933,14.761],[-60.932,14.763],[-60.932,14.762],[-60.93,14.762],[-60.93,14.763],[-60.929,14.762],[-60.927,14.762],[-60.926,14.763],[-60.925,14.763],[-60.925,14.763],[-60.925,14.762],[-60.924,14.76],[-60.923,14.759],[-60.92,14.758],[-60.919,14.759],[-60.917,14.761],[-60.916,14.761],[-60.913,14.762],[-60.912,14.762],[-60.911,14.764],[-60.911,14.765],[-60.912,14.766],[-60.91,14.766],[-60.91,14.769],[-60.909,14.769],[-60.909,14.767],[-60.908,14.766],[-60.907,14.766],[-60.905,14.766],[-60.904,14.766],[-60.902,14.767],[-60.902,14.768],[-60.902,14.77],[-60.9,14.77],[-60.897,14.77],[-60.897,14.771],[-60.896,14.771],[-60.896,14.772],[-60.894,14.773],[-60.893,14.774],[-60.892,14.774],[-60.892,14.775],[-60.892,14.776],[-60.89,14.776],[-60.891,14.776],[-60.89,14.777],[-60.89,14.778],[-60.889,14.779],[-60.888,14.78],[-60.887,14.78],[-60.886,14.78],[-60.885,14.778],[-60.886,14.777],[-60.885,14.777],[-60.884,14.777],[-60.883,14.777],[-60.88,14.777],[-60.879,14.776],[-60.879,14.776],[-60.878,14.775],[-60.876,14.776],[-60.875,14.775],[-60.875,14.774],[-60.876,14.774],[-60.877,14.774],[-60.875,14.772],[-60.873,14.772],[-60.873,14.77],[-60.875,14.77],[-60.875,14.769],[-60.873,14.768],[-60.874,14.768],[-60.876,14.767],[-60.876,14.766],[-60.876,14.763],[-60.874,14.762],[-60.873,14.762],[-60.873,14.761],[-60.872,14.76],[-60.873,14.759],[-60.873,14.758],[-60.874,14.758],[-60.876,14.759],[-60.878,14.759],[-60.878,14.758],[-60.879,14.758],[-60.879,14.759],[-60.88,14.759],[-60.882,14.761],[-60.883,14.764],[-60.882,14.766],[-60.883,14.767],[-60.884,14.768],[-60.884,14.767],[-60.885,14.766],[-60.886,14.765],[-60.887,14.765],[-60.889,14.767],[-60.89,14.766],[-60.892,14.767],[-60.892,14.766],[-60.894,14.765],[-60.893,14.762],[-60.895,14.762],[-60.897,14.761],[-60.897,14.761],[-60.897,14.758],[-60.896,14.758],[-60.894,14.757],[-60.893,14.757],[-60.892,14.756],[-60.891,14.756],[-60.89,14.755],[-60.89,14.754],[-60.888,14.753],[-60.889,14.752],[-60.89,14.751],[-60.889,14.75],[-60.89,14.749],[-60.891,14.748],[-60.893,14.749],[-60.894,14.749],[-60.895,14.749],[-60.896,14.749],[-60.896,14.746],[-60.897,14.747],[-60.898,14.746],[-60.899,14.744],[-60.899,14.743],[-60.898,14.742],[-60.897,14.742],[-60.896,14.741],[-60.895,14.742],[-60.894,14.742],[-60.892,14.741],[-60.891,14.74],[-60.892,14.739],[-60.892,14.738],[-60.891,14.736],[-60.892,14.736],[-60.893,14.737],[-60.894,14.737],[-60.895,14.737],[-60.896,14.737],[-60.896,14.737],[-60.896,14.735],[-60.895,14.735],[-60.896,14.733],[-60.897,14.735],[-60.898,14.735],[-60.9,14.734],[-60.901,14.735],[-60.902,14.736],[-60.903,14.737],[-60.905,14.737],[-60.907,14.736],[-60.908,14.735],[-60.909,14.735],[-60.91,14.736],[-60.911,14.736],[-60.911,14.739],[-60.911,14.741],[-60.911,14.742],[-60.912,14.742],[-60.912,14.744],[-60.913,14.745],[-60.914,14.745],[-60.916,14.746],[-60.916,14.746],[-60.917,14.747],[-60.92,14.747],[-60.921,14.747],[-60.922,14.749],[-60.924,14.749],[-60.925,14.751],[-60.926,14.751],[-60.927,14.75],[-60.929,14.75],[-60.931,14.749],[-60.932,14.749],[-60.933,14.749],[-60.936,14.751],[-60.937,14.75],[-60.938,14.749],[-60.938,14.747],[-60.939,14.746],[-60.94,14.745],[-60.94,14.744],[-60.941,14.743],[-60.942,14.744],[-60.943,14.743],[-60.944,14.742],[-60.945,14.74],[-60.945,14.738],[-60.944,14.738],[-60.943,14.737],[-60.943,14.736],[-60.941,14.735],[-60.94,14.735],[-60.939,14.735],[-60.938,14.734],[-60.938,14.733],[-60.939,14.734],[-60.94,14.733],[-60.942,14.733],[-60.943,14.733],[-60.944,14.734],[-60.944,14.733],[-60.945,14.733],[-60.944,14.731],[-60.946,14.731],[-60.946,14.728],[-60.946,14.726],[-60.946,14.725],[-60.945,14.723],[-60.943,14.722],[-60.942,14.722],[-60.941,14.721],[-60.94,14.721],[-60.939,14.72],[-60.94,14.72],[-60.94,14.719],[-60.939,14.718],[-60.937,14.716],[-60.934,14.716],[-60.933,14.716],[-60.933,14.718],[-60.933,14.719],[-60.931,14.72],[-60.931,14.721],[-60.931,14.722],[-60.928,14.721],[-60.928,14.722],[-60.926,14.722],[-60.925,14.721],[-60.925,14.721],[-60.926,14.72],[-60.928,14.721],[-60.929,14.719],[-60.929,14.719],[-60.93,14.717],[-60.929,14.717],[-60.929,14.715],[-60.93,14.714],[-60.931,14.714],[-60.932,14.713],[-60.934,14.712],[-60.934,14.71],[-60.933,14.708],[-60.932,14.707],[-60.929,14.707],[-60.928,14.707],[-60.925,14.708],[-60.923,14.709],[-60.923,14.71],[-60.923,14.71],[-60.922,14.71],[-60.921,14.71],[-60.92,14.711],[-60.919,14.712],[-60.918,14.714],[-60.919,14.715],[-60.918,14.716],[-60.917,14.716],[-60.916,14.715],[-60.916,14.715],[-60.914,14.716],[-60.914,14.714],[-60.914,14.713],[-60.915,14.711],[-60.916,14.71],[-60.915,14.709],[-60.914,14.708],[-60.913,14.707],[-60.914,14.706],[-60.915,14.706],[-60.915,14.704],[-60.914,14.703],[-60.913,14.702],[-60.912,14.701],[-60.91,14.7],[-60.909,14.7],[-60.907,14.7],[-60.906,14.701],[-60.905,14.701],[-60.904,14.701],[-60.903,14.702],[-60.903,14.701],[-60.903,14.7],[-60.901,14.699],[-60.902,14.697],[-60.901,14.697],[-60.901,14.696],[-60.902,14.695],[-60.904,14.695],[-60.905,14.696],[-60.906,14.695],[-60.907,14.696],[-60.908,14.694],[-60.908,14.693],[-60.909,14.692],[-60.909,14.691],[-60.909,14.691],[-60.91,14.69],[-60.91,14.689],[-60.911,14.688],[-60.912,14.688],[-60.913,14.688],[-60.912,14.691],[-60.913,14.692],[-60.915,14.691],[-60.917,14.691],[-60.919,14.691],[-60.919,14.69],[-60.92,14.69],[-60.92,14.689],[-60.922,14.688],[-60.922,14.689],[-60.923,14.688],[-60.925,14.689],[-60.926,14.689],[-60.929,14.687],[-60.929,14.686],[-60.929,14.683],[-60.926,14.68],[-60.924,14.679],[-60.925,14.679],[-60.926,14.679],[-60.928,14.679],[-60.929,14.679],[-60.93,14.679],[-60.934,14.683],[-60.935,14.682],[-60.936,14.683],[-60.937,14.684],[-60.937,14.682],[-60.937,14.682],[-60.938,14.68],[-60.938,14.677],[-60.938,14.677],[-60.938,14.675],[-60.94,14.675],[-60.941,14.673],[-60.942,14.673],[-60.943,14.672],[-60.943,14.669],[-60.942,14.667],[-60.941,14.667],[-60.94,14.667],[-60.94,14.666],[-60.939,14.665],[-60.938,14.665],[-60.936,14.665],[-60.935,14.665],[-60.935,14.664],[-60.935,14.663],[-60.935,14.661],[-60.934,14.659],[-60.933,14.658],[-60.933,14.657],[-60.931,14.656],[-60.931,14.654],[-60.93,14.653],[-60.929,14.653],[-60.927,14.653],[-60.926,14.653],[-60.925,14.653],[-60.924,14.655],[-60.923,14.655],[-60.921,14.655],[-60.921,14.654],[-60.92,14.655],[-60.92,14.658],[-60.919,14.658],[-60.919,14.66],[-60.918,14.661],[-60.917,14.661],[-60.916,14.662],[-60.917,14.663],[-60.915,14.664],[-60.914,14.664],[-60.913,14.665],[-60.912,14.665],[-60.912,14.666],[-60.911,14.666],[-60.911,14.666],[-60.911,14.664],[-60.909,14.663],[-60.909,14.662],[-60.908,14.663],[-60.908,14.664],[-60.906,14.662],[-60.906,14.663],[-60.906,14.666],[-60.906,14.667],[-60.903,14.666],[-60.904,14.664],[-60.903,14.664],[-60.902,14.663],[-60.902,14.662],[-60.901,14.662],[-60.9,14.665],[-60.897,14.665],[-60.898,14.663],[-60.898,14.662],[-60.899,14.661],[-60.899,14.661],[-60.898,14.661],[-60.896,14.661],[-60.895,14.661],[-60.895,14.66],[-60.895,14.659],[-60.894,14.659],[-60.893,14.66],[-60.892,14.659],[-60.891,14.66],[-60.891,14.661],[-60.892,14.662],[-60.891,14.663],[-60.891,14.664],[-60.89,14.666],[-60.889,14.666],[-60.887,14.666],[-60.884,14.666],[-60.883,14.665],[-60.882,14.664],[-60.883,14.662],[-60.884,14.662],[-60.883,14.66],[-60.883,14.66],[-60.883,14.659],[-60.884,14.658],[-60.885,14.659],[-60.886,14.659],[-60.886,14.658],[-60.885,14.657],[-60.885,14.656],[-60.886,14.655],[-60.885,14.653],[-60.886,14.653],[-60.888,14.654],[-60.887,14.654],[-60.888,14.655],[-60.889,14.657],[-60.89,14.656],[-60.89,14.655],[-60.889,14.654],[-60.889,14.652],[-60.89,14.651],[-60.891,14.651],[-60.892,14.651],[-60.893,14.65],[-60.896,14.65],[-60.896,14.649],[-60.898,14.649],[-60.9,14.652],[-60.901,14.652],[-60.903,14.653],[-60.903,14.652],[-60.902,14.651],[-60.902,14.65],[-60.903,14.65],[-60.903,14.649],[-60.904,14.648],[-60.905,14.649],[-60.906,14.648],[-60.906,14.647],[-60.905,14.646],[-60.904,14.646],[-60.902,14.646],[-60.9,14.645],[-60.898,14.645],[-60.898,14.643],[-60.898,14.643],[-60.897,14.643],[-60.897,14.642],[-60.896,14.641],[-60.895,14.641],[-60.894,14.641],[-60.893,14.641],[-60.893,14.642],[-60.891,14.642],[-60.892,14.642],[-60.89,14.643],[-60.889,14.642],[-60.889,14.641],[-60.89,14.641],[-60.892,14.641],[-60.894,14.64],[-60.894,14.64],[-60.895,14.639],[-60.895,14.639],[-60.894,14.638],[-60.894,14.637],[-60.895,14.636],[-60.894,14.635],[-60.892,14.636],[-60.891,14.636],[-60.891,14.635],[-60.892,14.635],[-60.892,14.633],[-60.891,14.632],[-60.891,14.631],[-60.892,14.631],[-60.893,14.631],[-60.893,14.631],[-60.894,14.631],[-60.895,14.632],[-60.895,14.631],[-60.894,14.63],[-60.895,14.628],[-60.896,14.628],[-60.896,14.629],[-60.897,14.628],[-60.898,14.629],[-60.897,14.627],[-60.897,14.625],[-60.897,14.624],[-60.899,14.623],[-60.899,14.621],[-60.898,14.62],[-60.898,14.62],[-60.897,14.621],[-60.896,14.621],[-60.894,14.619],[-60.894,14.619],[-60.893,14.62],[-60.889,14.619],[-60.889,14.621],[-60.889,14.622],[-60.887,14.621],[-60.887,14.62],[-60.887,14.618],[-60.887,14.617],[-60.887,14.615],[-60.886,14.616],[-60.885,14.617],[-60.885,14.618],[-60.884,14.619],[-60.883,14.62],[-60.882,14.619],[-60.882,14.618],[-60.881,14.618],[-60.88,14.618],[-60.88,14.619],[-60.88,14.62],[-60.879,14.62],[-60.877,14.621],[-60.877,14.622],[-60.875,14.62],[-60.875,14.619],[-60.873,14.619],[-60.872,14.619],[-60.87,14.62],[-60.869,14.618],[-60.869,14.617],[-60.871,14.618],[-60.872,14.617],[-60.872,14.617],[-60.874,14.616],[-60.875,14.616],[-60.876,14.616],[-60.876,14.614],[-60.877,14.614],[-60.878,14.612],[-60.878,14.612],[-60.877,14.611],[-60.875,14.61],[-60.875,14.609],[-60.875,14.608],[-60.875,14.608],[-60.873,14.607],[-60.871,14.606],[-60.87,14.606],[-60.869,14.605],[-60.869,14.603],[-60.869,14.602],[-60.868,14.601],[-60.868,14.6],[-60.871,14.601],[-60.872,14.6],[-60.873,14.598],[-60.872,14.596],[-60.871,14.595],[-60.87,14.595],[-60.869,14.594],[-60.868,14.594],[-60.869,14.592],[-60.869,14.592],[-60.868,14.59],[-60.865,14.592],[-60.863,14.591],[-60.861,14.59],[-60.859,14.589],[-60.857,14.59],[-60.856,14.592],[-60.855,14.592],[-60.854,14.593],[-60.853,14.594],[-60.852,14.595],[-60.852,14.594],[-60.852,14.594],[-60.852,14.592],[-60.851,14.592],[-60.851,14.591],[-60.852,14.59],[-60.851,14.589],[-60.85,14.59],[-60.849,14.588],[-60.848,14.588],[-60.85,14.587],[-60.851,14.587],[-60.85,14.585],[-60.849,14.584],[-60.848,14.584],[-60.846,14.585],[-60.846,14.584],[-60.846,14.583],[-60.847,14.582],[-60.85,14.583],[-60.852,14.583],[-60.851,14.582],[-60.852,14.582],[-60.852,14.58],[-60.851,14.58],[-60.85,14.579],[-60.849,14.58],[-60.847,14.579],[-60.844,14.579],[-60.842,14.579],[-60.843,14.578],[-60.844,14.577],[-60.846,14.577],[-60.847,14.576],[-60.849,14.576],[-60.85,14.577],[-60.852,14.576],[-60.853,14.576],[-60.854,14.575],[-60.854,14.574],[-60.853,14.573],[-60.852,14.572],[-60.852,14.57],[-60.853,14.57],[-60.852,14.568],[-60.85,14.569],[-60.849,14.57],[-60.848,14.571],[-60.847,14.57],[-60.845,14.571],[-60.845,14.572],[-60.843,14.572],[-60.843,14.571],[-60.844,14.57],[-60.845,14.568],[-60.848,14.567],[-60.849,14.567],[-60.849,14.565],[-60.848,14.565],[-60.846,14.565],[-60.842,14.567],[-60.841,14.567],[-60.841,14.566],[-60.841,14.564],[-60.842,14.562],[-60.843,14.561],[-60.845,14.56],[-60.845,14.559],[-60.843,14.559],[-60.842,14.559],[-60.841,14.56],[-60.838,14.563],[-60.837,14.564],[-60.833,14.566],[-60.832,14.567],[-60.832,14.568],[-60.831,14.568],[-60.831,14.569],[-60.83,14.57],[-60.829,14.569],[-60.828,14.569],[-60.825,14.568],[-60.828,14.567],[-60.828,14.566],[-60.829,14.566],[-60.83,14.565],[-60.83,14.563],[-60.83,14.561],[-60.83,14.56],[-60.831,14.559],[-60.832,14.559],[-60.834,14.557],[-60.836,14.557],[-60.836,14.555],[-60.836,14.554],[-60.836,14.551],[-60.838,14.551],[-60.839,14.55],[-60.838,14.549],[-60.838,14.548],[-60.836,14.546],[-60.834,14.545],[-60.833,14.546],[-60.832,14.546],[-60.831,14.544],[-60.831,14.543],[-60.829,14.543],[-60.828,14.541],[-60.828,14.54],[-60.827,14.54],[-60.828,14.539],[-60.827,14.538],[-60.827,14.537],[-60.827,14.537],[-60.828,14.536],[-60.829,14.536],[-60.828,14.535],[-60.829,14.535],[-60.83,14.536],[-60.832,14.536],[-60.833,14.535],[-60.834,14.536],[-60.835,14.535],[-60.836,14.534],[-60.837,14.534],[-60.837,14.533],[-60.837,14.533],[-60.834,14.533],[-60.833,14.532],[-60.833,14.531],[-60.831,14.532],[-60.829,14.532],[-60.828,14.533],[-60.827,14.534],[-60.825,14.533],[-60.824,14.531],[-60.825,14.53],[-60.824,14.53],[-60.824,14.529],[-60.825,14.527],[-60.826,14.526],[-60.826,14.522],[-60.826,14.521],[-60.827,14.522],[-60.828,14.523],[-60.829,14.524],[-60.83,14.524],[-60.832,14.523],[-60.833,14.524],[-60.835,14.523],[-60.835,14.522],[-60.835,14.52],[-60.834,14.519],[-60.833,14.518],[-60.834,14.518],[-60.836,14.516],[-60.835,14.515],[-60.836,14.514],[-60.837,14.513],[-60.837,14.512],[-60.836,14.511],[-60.835,14.51],[-60.834,14.51],[-60.833,14.511],[-60.833,14.512],[-60.83,14.515],[-60.828,14.515],[-60.825,14.515],[-60.824,14.514],[-60.824,14.513],[-60.823,14.512],[-60.823,14.511],[-60.822,14.509],[-60.824,14.507],[-60.824,14.504],[-60.824,14.503],[-60.822,14.503],[-60.823,14.501],[-60.824,14.498],[-60.823,14.496],[-60.823,14.494],[-60.821,14.493],[-60.82,14.493],[-60.819,14.493],[-60.819,14.494],[-60.819,14.495],[-60.818,14.495],[-60.818,14.494],[-60.818,14.493],[-60.817,14.493],[-60.816,14.493],[-60.814,14.49],[-60.815,14.488],[-60.815,14.486],[-60.814,14.485],[-60.813,14.483],[-60.811,14.481],[-60.811,14.48],[-60.811,14.479],[-60.811,14.478],[-60.812,14.477],[-60.813,14.477],[-60.813,14.474],[-60.814,14.473],[-60.817,14.473],[-60.818,14.472],[-60.819,14.472],[-60.819,14.473],[-60.819,14.475],[-60.82,14.476],[-60.82,14.476],[-60.822,14.476],[-60.822,14.475],[-60.822,14.473],[-60.824,14.472],[-60.822,14.471],[-60.82,14.471],[-60.819,14.469],[-60.818,14.468],[-60.819,14.468],[-60.818,14.466],[-60.817,14.466],[-60.816,14.464],[-60.815,14.463],[-60.815,14.462],[-60.814,14.46],[-60.813,14.46],[-60.812,14.46],[-60.809,14.46],[-60.81,14.46],[-60.811,14.459],[-60.812,14.459],[-60.815,14.46],[-60.816,14.46],[-60.816,14.459],[-60.816,14.458],[-60.818,14.459],[-60.819,14.458],[-60.819,14.457],[-60.82,14.457],[-60.821,14.456],[-60.822,14.454],[-60.822,14.454],[-60.822,14.453],[-60.824,14.452],[-60.824,14.452],[-60.824,14.45],[-60.824,14.449],[-60.823,14.446],[-60.823,14.445],[-60.824,14.443],[-60.825,14.441],[-60.825,14.44],[-60.826,14.438],[-60.825,14.437],[-60.827,14.435],[-60.828,14.435],[-60.829,14.436],[-60.83,14.436],[-60.831,14.434],[-60.832,14.433],[-60.833,14.433],[-60.834,14.433],[-60.834,14.432],[-60.834,14.431],[-60.833,14.43],[-60.833,14.428],[-60.834,14.427],[-60.835,14.427],[-60.836,14.426],[-60.835,14.425],[-60.834,14.425],[-60.835,14.423],[-60.835,14.423],[-60.837,14.423],[-60.839,14.422],[-60.841,14.422],[-60.84,14.423],[-60.841,14.426],[-60.843,14.427],[-60.846,14.428],[-60.848,14.428],[-60.848,14.428],[-60.849,14.427],[-60.849,14.426],[-60.849,14.425],[-60.85,14.422],[-60.85,14.422],[-60.847,14.423],[-60.847,14.421],[-60.848,14.42],[-60.847,14.419],[-60.844,14.421],[-60.843,14.421],[-60.844,14.419],[-60.844,14.419],[-60.844,14.418],[-60.845,14.417],[-60.845,14.416],[-60.844,14.415],[-60.843,14.416],[-60.841,14.415],[-60.84,14.415],[-60.838,14.415],[-60.838,14.414],[-60.838,14.413],[-60.838,14.412],[-60.839,14.411],[-60.841,14.41],[-60.842,14.411],[-60.843,14.413],[-60.845,14.414],[-60.846,14.413],[-60.848,14.412],[-60.849,14.412],[-60.85,14.41],[-60.85,14.408],[-60.851,14.407],[-60.853,14.407],[-60.853,14.406],[-60.853,14.405],[-60.855,14.404],[-60.855,14.403],[-60.855,14.402],[-60.856,14.402],[-60.856,14.4],[-60.856,14.4],[-60.855,14.399],[-60.856,14.398],[-60.856,14.397],[-60.857,14.397],[-60.857,14.398],[-60.859,14.398],[-60.86,14.397],[-60.859,14.396],[-60.86,14.396],[-60.861,14.397],[-60.863,14.396],[-60.864,14.397],[-60.866,14.397],[-60.867,14.396],[-60.868,14.395],[-60.869,14.395],[-60.871,14.396],[-60.873,14.396],[-60.875,14.396],[-60.877,14.397],[-60.878,14.397],[-60.878,14.398],[-60.877,14.398],[-60.876,14.4],[-60.877,14.401],[-60.879,14.403],[-60.881,14.404],[-60.883,14.405],[-60.884,14.405],[-60.885,14.406],[-60.885,14.408],[-60.886,14.409],[-60.887,14.41],[-60.887,14.411],[-60.886,14.411],[-60.885,14.412],[-60.885,14.414],[-60.887,14.415],[-60.889,14.417],[-60.89,14.417],[-60.893,14.419],[-60.893,14.421],[-60.893,14.422],[-60.891,14.422],[-60.89,14.422],[-60.889,14.424],[-60.887,14.426],[-60.886,14.427],[-60.886,14.427],[-60.886,14.429],[-60.885,14.431],[-60.884,14.432],[-60.883,14.432],[-60.883,14.433],[-60.882,14.434],[-60.881,14.438],[-60.88,14.438],[-60.88,14.439],[-60.881,14.442],[-60.881,14.443],[-60.883,14.445],[-60.885,14.448],[-60.884,14.449],[-60.883,14.45],[-60.884,14.451],[-60.884,14.452],[-60.883,14.452],[-60.881,14.451],[-60.88,14.449],[-60.88,14.447],[-60.879,14.447],[-60.878,14.446],[-60.877,14.447],[-60.877,14.449],[-60.876,14.449],[-60.875,14.449],[-60.873,14.448],[-60.872,14.448],[-60.873,14.45],[-60.873,14.451],[-60.874,14.452],[-60.874,14.453],[-60.873,14.454],[-60.873,14.456],[-60.873,14.457],[-60.872,14.457],[-60.871,14.456],[-60.87,14.456],[-60.869,14.456],[-60.868,14.455],[-60.866,14.455],[-60.864,14.455],[-60.864,14.456],[-60.865,14.457],[-60.867,14.457],[-60.867,14.458],[-60.867,14.459],[-60.866,14.46],[-60.865,14.461],[-60.863,14.461],[-60.862,14.463],[-60.863,14.464],[-60.864,14.464],[-60.864,14.464],[-60.864,14.465],[-60.864,14.465],[-60.864,14.467],[-60.864,14.469],[-60.865,14.469],[-60.866,14.47],[-60.867,14.47],[-60.868,14.47],[-60.869,14.47],[-60.87,14.469],[-60.872,14.469],[-60.874,14.47],[-60.874,14.471],[-60.875,14.472],[-60.877,14.472],[-60.876,14.471],[-60.878,14.47],[-60.877,14.469],[-60.878,14.468],[-60.88,14.468],[-60.881,14.467],[-60.882,14.467],[-60.882,14.465],[-60.883,14.466],[-60.884,14.465],[-60.884,14.464],[-60.886,14.464],[-60.887,14.462],[-60.887,14.462],[-60.888,14.461],[-60.888,14.46],[-60.889,14.459],[-60.89,14.459],[-60.891,14.459],[-60.891,14.457],[-60.893,14.455],[-60.892,14.453],[-60.893,14.453],[-60.894,14.452],[-60.895,14.451],[-60.897,14.45],[-60.898,14.448],[-60.899,14.448],[-60.901,14.449],[-60.9,14.45],[-60.9,14.452],[-60.901,14.453],[-60.903,14.454],[-60.904,14.454],[-60.906,14.455],[-60.907,14.457],[-60.907,14.458],[-60.91,14.46],[-60.911,14.461],[-60.912,14.462],[-60.912,14.462],[-60.911,14.463],[-60.911,14.465],[-60.911,14.467],[-60.91,14.469],[-60.912,14.469],[-60.913,14.469],[-60.915,14.469],[-60.916,14.468],[-60.917,14.471],[-60.917,14.472],[-60.917,14.469],[-60.919,14.468],[-60.919,14.467],[-60.92,14.468],[-60.923,14.467],[-60.924,14.466],[-60.926,14.466],[-60.927,14.465],[-60.928,14.464],[-60.93,14.464],[-60.931,14.463],[-60.932,14.463],[-60.933,14.463],[-60.934,14.462],[-60.935,14.463],[-60.936,14.464],[-60.938,14.465],[-60.941,14.464],[-60.942,14.465],[-60.943,14.466],[-60.945,14.466],[-60.946,14.467],[-60.948,14.467],[-60.95,14.466],[-60.952,14.467],[-60.953,14.466],[-60.955,14.465],[-60.956,14.465],[-60.957,14.467],[-60.958,14.468],[-60.96,14.468],[-60.961,14.469],[-60.962,14.471],[-60.963,14.472],[-60.965,14.473],[-60.966,14.473],[-60.969,14.472],[-60.97,14.472],[-60.969,14.47],[-60.97,14.47],[-60.973,14.469],[-60.974,14.468],[-60.974,14.468],[-60.975,14.469],[-60.976,14.469],[-60.978,14.471],[-60.977,14.473],[-60.976,14.476],[-60.978,14.477],[-60.978,14.479],[-60.98,14.481],[-60.98,14.482],[-60.98,14.482],[-60.981,14.482],[-60.981,14.481],[-60.982,14.481],[-60.983,14.482],[-60.983,14.48],[-60.985,14.479],[-60.983,14.479],[-60.983,14.478],[-60.985,14.477],[-60.985,14.476],[-60.984,14.475],[-60.985,14.473],[-60.985,14.473],[-60.986,14.473],[-60.987,14.473],[-60.987,14.474],[-60.988,14.475],[-60.988,14.476],[-60.99,14.477],[-60.991,14.479],[-60.992,14.479],[-60.992,14.477],[-60.991,14.476],[-60.991,14.475],[-60.99,14.475],[-60.99,14.472],[-60.991,14.471],[-60.99,14.47],[-60.99,14.469],[-60.99,14.468],[-60.991,14.467],[-60.992,14.466],[-60.993,14.467],[-60.993,14.468],[-60.995,14.469],[-60.997,14.468],[-60.999,14.469],[-61,14.471],[-61,14.473],[-61.001,14.474],[-61.002,14.476],[-61.003,14.477],[-61.003,14.478],[-61.004,14.479],[-61.005,14.478],[-61.006,14.478],[-61.006,14.476],[-61.007,14.475],[-61.008,14.474],[-61.008,14.473],[-61.006,14.471],[-61.008,14.471],[-61.009,14.472],[-61.01,14.473],[-61.011,14.474],[-61.012,14.475],[-61.013,14.475],[-61.013,14.476],[-61.015,14.477],[-61.017,14.479],[-61.017,14.48],[-61.019,14.481],[-61.021,14.481],[-61.026,14.479],[-61.033,14.477],[-61.036,14.476],[-61.04,14.474],[-61.042,14.473],[-61.043,14.471],[-61.044,14.471],[-61.045,14.47],[-61.045,14.47],[-61.047,14.468],[-61.047,14.466],[-61.047,14.465],[-61.046,14.464],[-61.046,14.464],[-61.047,14.462],[-61.047,14.461],[-61.049,14.458],[-61.05,14.457],[-61.052,14.456],[-61.053,14.456],[-61.055,14.454],[-61.056,14.454],[-61.059,14.454],[-61.06,14.455],[-61.062,14.455],[-61.063,14.456],[-61.065,14.458],[-61.066,14.459],[-61.067,14.46],[-61.067,14.46],[-61.067,14.463],[-61.068,14.466],[-61.068,14.467],[-61.069,14.467],[-61.07,14.468],[-61.072,14.469],[-61.074,14.469],[-61.075,14.468],[-61.077,14.468],[-61.08,14.469],[-61.082,14.47],[-61.083,14.474],[-61.082,14.475],[-61.083,14.476],[-61.082,14.477],[-61.081,14.477],[-61.08,14.478],[-61.079,14.48],[-61.079,14.481],[-61.08,14.482],[-61.08,14.484],[-61.08,14.486],[-61.08,14.488],[-61.08,14.489],[-61.081,14.49],[-61.083,14.492],[-61.084,14.492],[-61.084,14.491],[-61.086,14.491],[-61.087,14.491],[-61.088,14.491],[-61.091,14.493],[-61.091,14.493],[-61.09,14.494],[-61.089,14.495],[-61.09,14.498],[-61.088,14.498],[-61.087,14.498],[-61.087,14.498],[-61.085,14.498],[-61.084,14.499],[-61.084,14.501],[-61.084,14.503],[-61.085,14.505],[-61.087,14.506],[-61.088,14.507],[-61.089,14.507],[-61.09,14.508],[-61.092,14.508],[-61.093,14.507],[-61.096,14.506],[-61.097,14.506],[-61.1,14.507],[-61.101,14.508],[-61.101,14.509],[-61.1,14.511],[-61.098,14.512],[-61.098,14.512],[-61.098,14.513],[-61.097,14.514],[-61.097,14.515],[-61.097,14.517],[-61.097,14.519],[-61.096,14.521],[-61.095,14.521],[-61.094,14.522],[-61.094,14.525],[-61.094,14.525],[-61.092,14.526],[-61.092,14.525],[-61.09,14.525],[-61.089,14.527],[-61.091,14.528],[-61.09,14.528],[-61.089,14.527],[-61.088,14.527],[-61.087,14.528],[-61.088,14.529],[-61.089,14.53],[-61.089,14.531],[-61.088,14.533],[-61.088,14.534],[-61.084,14.535],[-61.085,14.536],[-61.083,14.536],[-61.083,14.537],[-61.081,14.537],[-61.08,14.538],[-61.08,14.539],[-61.079,14.54],[-61.079,14.541],[-61.077,14.541],[-61.077,14.542],[-61.076,14.542],[-61.075,14.541],[-61.072,14.541],[-61.07,14.541],[-61.069,14.54],[-61.068,14.54],[-61.067,14.54],[-61.065,14.542],[-61.064,14.543],[-61.065,14.544],[-61.064,14.545],[-61.063,14.548],[-61.062,14.548],[-61.061,14.549],[-61.061,14.551],[-61.06,14.552],[-61.058,14.552],[-61.057,14.55],[-61.055,14.551],[-61.054,14.552],[-61.053,14.553],[-61.053,14.554],[-61.054,14.555],[-61.054,14.556],[-61.054,14.557],[-61.054,14.558],[-61.053,14.558],[-61.053,14.559],[-61.052,14.561],[-61.052,14.562],[-61.051,14.562],[-61.052,14.561],[-61.051,14.559],[-61.052,14.558],[-61.051,14.557],[-61.05,14.558],[-61.051,14.559],[-61.05,14.56],[-61.049,14.56],[-61.049,14.557],[-61.05,14.556],[-61.051,14.555],[-61.05,14.555],[-61.051,14.554],[-61.051,14.552],[-61.052,14.551],[-61.05,14.551],[-61.047,14.552],[-61.045,14.552],[-61.044,14.553],[-61.043,14.554],[-61.042,14.554],[-61.041,14.556],[-61.04,14.557],[-61.038,14.557],[-61.037,14.555],[-61.038,14.553],[-61.038,14.552],[-61.038,14.551],[-61.037,14.55],[-61.039,14.549],[-61.04,14.548],[-61.043,14.548],[-61.043,14.548],[-61.044,14.547],[-61.043,14.546],[-61.043,14.546],[-61.042,14.543],[-61.041,14.541],[-61.036,14.542],[-61.036,14.54],[-61.035,14.54],[-61.035,14.542],[-61.034,14.542],[-61.033,14.541],[-61.032,14.541],[-61.03,14.541],[-61.031,14.539],[-61.032,14.538],[-61.032,14.537],[-61.028,14.537],[-61.027,14.535],[-61.027,14.535],[-61.025,14.538],[-61.025,14.539],[-61.023,14.54],[-61.022,14.54],[-61.021,14.538],[-61.021,14.538],[-61.02,14.54],[-61.019,14.54],[-61.018,14.539],[-61.017,14.538],[-61.018,14.537],[-61.018,14.536],[-61.017,14.536],[-61.017,14.534],[-61.015,14.535],[-61.014,14.535],[-61.013,14.536],[-61.012,14.538],[-61.012,14.538],[-61.011,14.539],[-61.011,14.54],[-61.009,14.542],[-61.008,14.542],[-61.007,14.542],[-61.006,14.541],[-61.005,14.539],[-61.006,14.538],[-61.007,14.537],[-61.007,14.536],[-61.005,14.538],[-61.004,14.54],[-61.003,14.541],[-61.002,14.541],[-61.001,14.543],[-61.001,14.544],[-60.999,14.545],[-60.998,14.545],[-60.996,14.546],[-60.994,14.547],[-60.994,14.548],[-60.994,14.549],[-60.995,14.549],[-60.996,14.55],[-60.997,14.55],[-60.997,14.551],[-60.995,14.552],[-60.993,14.552],[-60.993,14.551],[-60.992,14.549],[-60.991,14.548],[-60.991,14.547],[-60.99,14.548],[-60.99,14.55],[-60.991,14.552],[-60.991,14.553],[-60.992,14.554],[-60.993,14.555],[-60.996,14.555],[-60.996,14.557],[-60.995,14.557],[-60.995,14.559],[-60.998,14.561],[-60.999,14.56],[-61,14.561],[-61,14.56],[-61.001,14.56],[-61.002,14.56],[-61.003,14.561],[-61.004,14.562],[-61.006,14.562],[-61.007,14.562],[-61.008,14.562],[-61.009,14.561],[-61.01,14.56],[-61.011,14.561],[-61.011,14.562],[-61.01,14.563],[-61.01,14.565],[-61.011,14.565],[-61.011,14.567],[-61.011,14.568],[-61.012,14.568],[-61.013,14.568],[-61.014,14.569],[-61.014,14.571],[-61.013,14.572],[-61.012,14.573],[-61.01,14.575],[-61.01,14.576],[-61.01,14.578],[-61.01,14.579],[-61.012,14.578],[-61.014,14.579],[-61.014,14.579],[-61.015,14.582],[-61.016,14.583],[-61.017,14.582],[-61.017,14.583],[-61.019,14.584],[-61.02,14.585],[-61.022,14.583],[-61.023,14.584],[-61.024,14.585],[-61.024,14.586],[-61.023,14.587],[-61.024,14.588],[-61.024,14.59],[-61.024,14.59],[-61.024,14.592],[-61.022,14.591],[-61.021,14.592],[-61.02,14.592],[-61.019,14.592],[-61.019,14.593],[-61.017,14.594],[-61.016,14.596],[-61.017,14.597],[-61.017,14.598],[-61.017,14.599],[-61.018,14.6],[-61.02,14.6],[-61.02,14.601],[-61.015,14.602],[-61.014,14.602],[-61.014,14.603],[-61.016,14.603],[-61.017,14.604],[-61.018,14.603],[-61.019,14.603],[-61.022,14.603],[-61.022,14.604],[-61.022,14.605],[-61.021,14.606],[-61.021,14.606],[-61.02,14.607],[-61.02,14.608],[-61.021,14.609],[-61.021,14.61],[-61.019,14.61],[-61.019,14.612],[-61.02,14.612],[-61.021,14.612],[-61.022,14.611],[-61.023,14.611],[-61.023,14.612],[-61.024,14.613],[-61.026,14.612],[-61.027,14.611],[-61.026,14.61],[-61.027,14.609],[-61.03,14.608],[-61.031,14.607],[-61.031,14.606],[-61.032,14.606],[-61.032,14.607],[-61.033,14.607],[-61.035,14.606],[-61.036,14.607],[-61.037,14.606],[-61.039,14.606],[-61.04,14.606],[-61.04,14.606],[-61.04,14.604],[-61.039,14.603],[-61.039,14.601],[-61.039,14.599],[-61.038,14.598],[-61.037,14.596],[-61.036,14.595],[-61.037,14.594],[-61.037,14.593],[-61.038,14.593],[-61.038,14.594],[-61.039,14.594],[-61.041,14.595],[-61.041,14.596],[-61.044,14.595],[-61.045,14.595],[-61.047,14.594],[-61.047,14.595],[-61.047,14.597],[-61.048,14.597],[-61.048,14.598],[-61.049,14.598],[-61.05,14.598],[-61.052,14.598],[-61.053,14.598],[-61.053,14.597],[-61.054,14.597],[-61.056,14.595],[-61.059,14.594],[-61.06,14.595],[-61.06,14.596],[-61.061,14.597],[-61.058,14.602],[-61.057,14.604],[-61.059,14.604],[-61.06,14.603],[-61.059,14.602],[-61.061,14.6],[-61.062,14.601],[-61.061,14.602],[-61.063,14.601],[-61.065,14.601],[-61.065,14.603],[-61.066,14.603],[-61.066,14.6],[-61.065,14.6],[-61.065,14.597],[-61.066,14.597],[-61.067,14.598],[-61.067,14.601],[-61.068,14.601],[-61.071,14.603],[-61.072,14.602],[-61.073,14.602],[-61.075,14.601],[-61.076,14.602],[-61.078,14.601],[-61.079,14.601],[-61.081,14.601],[-61.082,14.601],[-61.083,14.6],[-61.083,14.6],[-61.084,14.599],[-61.086,14.6],[-61.087,14.6],[-61.089,14.6],[-61.09,14.599],[-61.091,14.601],[-61.092,14.6],[-61.092,14.601],[-61.093,14.602],[-61.094,14.604],[-61.096,14.605],[-61.096,14.607],[-61.097,14.607],[-61.098,14.609],[-61.098,14.61],[-61.098,14.611],[-61.099,14.612],[-61.1,14.613],[-61.1,14.614],[-61.102,14.615],[-61.103,14.615],[-61.104,14.616],[-61.103,14.617],[-61.105,14.619],[-61.106,14.621],[-61.108,14.622],[-61.11,14.623],[-61.111,14.624],[-61.111,14.626],[-61.113,14.627],[-61.115,14.627],[-61.117,14.627],[-61.118,14.628]]],[[[-60.889,14.69],[-60.89,14.69],[-60.891,14.69],[-60.892,14.691],[-60.892,14.693],[-60.892,14.693],[-60.895,14.694],[-60.896,14.694],[-60.897,14.695],[-60.899,14.696],[-60.898,14.697],[-60.897,14.696],[-60.895,14.696],[-60.895,14.696],[-60.894,14.697],[-60.892,14.696],[-60.891,14.696],[-60.89,14.696],[-60.889,14.697],[-60.887,14.697],[-60.887,14.696],[-60.885,14.696],[-60.884,14.694],[-60.882,14.695],[-60.88,14.693],[-60.879,14.693],[-60.88,14.691],[-60.882,14.692],[-60.883,14.693],[-60.884,14.692],[-60.886,14.692],[-60.886,14.691],[-60.887,14.691],[-60.888,14.692],[-60.889,14.692],[-60.889,14.69],[-60.889,14.69]]],[[[-60.888,14.63],[-60.888,14.63],[-60.889,14.631],[-60.889,14.633],[-60.89,14.633],[-60.89,14.634],[-60.889,14.635],[-60.888,14.635],[-60.888,14.634],[-60.887,14.633],[-60.886,14.633],[-60.885,14.633],[-60.885,14.632],[-60.886,14.631],[-60.888,14.63]]],[[[-60.882,14.686],[-60.884,14.686],[-60.884,14.687],[-60.884,14.688],[-60.885,14.69],[-60.884,14.691],[-60.882,14.688],[-60.882,14.687],[-60.882,14.686]]],[[[-60.911,14.684],[-60.911,14.685],[-60.91,14.687],[-60.909,14.687],[-60.909,14.686],[-60.91,14.684],[-60.911,14.684]]],[[[-60.9,14.685],[-60.901,14.686],[-60.902,14.686],[-60.902,14.687],[-60.9,14.687],[-60.899,14.687],[-60.9,14.686],[-60.9,14.685]]],[[[-60.883,14.669],[-60.884,14.67],[-60.884,14.671],[-60.883,14.671],[-60.882,14.67],[-60.883,14.669]]]]},"properties":{"code":"972","nom":"Martinique"}},{"type":"Feature","geometry":{"type":"MultiPolygon","coordinates":[[[[-53.87,5.745],[-53.865,5.743],[-53.878,5.737],[-53.884,5.737],[-53.894,5.739],[-53.902,5.742],[-53.903,5.747],[-53.899,5.748],[-53.89,5.748],[-53.879,5.747],[-53.87,5.745]]],[[[-52.18,4.891],[-52.182,4.889],[-52.19,4.892],[-52.18,4.894],[-52.18,4.891]]],[[[-52.203,4.925],[-52.206,4.929],[-52.201,4.931],[-52.203,4.925]]],[[[-53.469,5.565],[-53.469,5.568],[-53.456,5.569],[-53.437,5.566],[-53.414,5.564],[-53.403,5.564],[-53.388,5.56],[-53.368,5.552],[-53.35,5.548],[-53.341,5.548],[-53.331,5.545],[-53.325,5.541],[-53.318,5.539],[-53.309,5.538],[-53.302,5.54],[-53.293,5.54],[-53.28,5.543],[-53.275,5.541],[-53.266,5.536],[-53.255,5.522],[-53.251,5.521],[-53.257,5.532],[-53.262,5.538],[-53.275,5.546],[-53.284,5.548],[-53.293,5.547],[-53.299,5.549],[-53.301,5.553],[-53.294,5.56],[-53.292,5.557],[-53.284,5.56],[-53.28,5.564],[-53.275,5.563],[-53.271,5.559],[-53.269,5.552],[-53.261,5.548],[-53.258,5.549],[-53.248,5.546],[-53.245,5.543],[-53.234,5.543],[-53.211,5.533],[-53.192,5.527],[-53.188,5.525],[-53.172,5.523],[-53.164,5.518],[-53.16,5.518],[-53.135,5.508],[-53.131,5.508],[-53.128,5.506],[-53.126,5.5],[-53.116,5.493],[-53.113,5.492],[-53.105,5.486],[-53.09,5.48],[-53.081,5.473],[-53.078,5.473],[-53.072,5.468],[-53.066,5.468],[-53.045,5.462],[-53.034,5.459],[-53.02,5.458],[-53.014,5.455],[-53.003,5.439],[-52.996,5.432],[-52.992,5.435],[-52.996,5.443],[-53.002,5.45],[-53.003,5.456],[-52.997,5.46],[-52.983,5.454],[-52.978,5.454],[-52.977,5.456],[-52.971,5.456],[-52.965,5.452],[-52.957,5.45],[-52.956,5.456],[-52.953,5.455],[-52.941,5.45],[-52.94,5.445],[-52.935,5.446],[-52.927,5.438],[-52.923,5.431],[-52.924,5.43],[-52.913,5.424],[-52.909,5.419],[-52.905,5.419],[-52.896,5.41],[-52.891,5.407],[-52.883,5.399],[-52.873,5.393],[-52.87,5.382],[-52.866,5.385],[-52.861,5.382],[-52.859,5.378],[-52.855,5.378],[-52.853,5.374],[-52.847,5.36],[-52.843,5.36],[-52.834,5.347],[-52.833,5.344],[-52.834,5.338],[-52.832,5.333],[-52.825,5.327],[-52.82,5.328],[-52.818,5.326],[-52.812,5.324],[-52.805,5.319],[-52.801,5.314],[-52.796,5.311],[-52.788,5.308],[-52.785,5.297],[-52.78,5.292],[-52.776,5.287],[-52.765,5.275],[-52.757,5.269],[-52.747,5.258],[-52.741,5.253],[-52.734,5.249],[-52.73,5.243],[-52.723,5.237],[-52.697,5.219],[-52.684,5.21],[-52.666,5.2],[-52.661,5.192],[-52.656,5.185],[-52.646,5.176],[-52.637,5.166],[-52.633,5.163],[-52.628,5.163],[-52.626,5.158],[-52.63,5.151],[-52.628,5.146],[-52.607,5.135],[-52.597,5.127],[-52.591,5.12],[-52.58,5.112],[-52.576,5.107],[-52.57,5.108],[-52.566,5.107],[-52.561,5.104],[-52.556,5.107],[-52.556,5.1],[-52.55,5.101],[-52.547,5.095],[-52.557,5.096],[-52.552,5.088],[-52.545,5.088],[-52.544,5.092],[-52.538,5.088],[-52.531,5.082],[-52.525,5.075],[-52.523,5.076],[-52.513,5.068],[-52.509,5.063],[-52.507,5.057],[-52.501,5.056],[-52.493,5.047],[-52.49,5.041],[-52.477,5.031],[-52.468,5.023],[-52.46,5.012],[-52.453,5.006],[-52.439,4.996],[-52.437,4.991],[-52.43,4.99],[-52.425,4.983],[-52.416,4.982],[-52.414,4.972],[-52.407,4.968],[-52.402,4.964],[-52.395,4.953],[-52.393,4.952],[-52.39,4.945],[-52.378,4.932],[-52.365,4.921],[-52.356,4.918],[-52.346,4.925],[-52.334,4.931],[-52.338,4.937],[-52.336,4.943],[-52.333,4.942],[-52.322,4.945],[-52.319,4.944],[-52.313,4.95],[-52.302,4.951],[-52.299,4.945],[-52.293,4.941],[-52.289,4.94],[-52.287,4.943],[-52.283,4.939],[-52.284,4.936],[-52.282,4.933],[-52.272,4.924],[-52.263,4.914],[-52.259,4.914],[-52.258,4.909],[-52.262,4.909],[-52.264,4.907],[-52.263,4.9],[-52.252,4.89],[-52.246,4.887],[-52.244,4.878],[-52.236,4.87],[-52.229,4.86],[-52.22,4.859],[-52.21,4.859],[-52.201,4.851],[-52.199,4.846],[-52.196,4.845],[-52.197,4.841],[-52.193,4.835],[-52.188,4.833],[-52.189,4.828],[-52.186,4.822],[-52.183,4.821],[-52.178,4.823],[-52.17,4.817],[-52.168,4.813],[-52.16,4.809],[-52.153,4.798],[-52.146,4.791],[-52.14,4.79],[-52.139,4.797],[-52.13,4.794],[-52.122,4.788],[-52.119,4.789],[-52.116,4.787],[-52.11,4.785],[-52.106,4.778],[-52.105,4.774],[-52.101,4.772],[-52.087,4.768],[-52.081,4.761],[-52.075,4.758],[-52.074,4.753],[-52.072,4.753],[-52.064,4.749],[-52.059,4.744],[-52.051,4.741],[-52.032,4.728],[-52.024,4.716],[-52.022,4.719],[-52.018,4.718],[-52.014,4.711],[-52.008,4.706],[-52.006,4.702],[-51.916,4.669],[-51.913,4.673],[-51.904,4.677],[-51.897,4.677],[-51.895,4.675],[-51.877,4.672],[-51.862,4.672],[-51.862,4.67],[-51.855,4.666],[-51.849,4.661],[-51.844,4.66],[-51.836,4.654],[-51.83,4.646],[-51.829,4.643],[-51.826,4.641],[-51.823,4.636],[-51.811,4.632],[-51.813,4.628],[-51.802,4.618],[-51.8,4.615],[-51.796,4.606],[-51.79,4.591],[-51.791,4.587],[-51.788,4.581],[-51.785,4.577],[-51.786,4.564],[-51.781,4.552],[-51.783,4.547],[-51.778,4.533],[-51.777,4.526],[-51.775,4.521],[-51.776,4.511],[-51.773,4.499],[-51.777,4.49],[-51.772,4.48],[-51.77,4.471],[-51.76,4.458],[-51.75,4.447],[-51.748,4.439],[-51.752,4.437],[-51.752,4.429],[-51.755,4.425],[-51.752,4.418],[-51.747,4.416],[-51.742,4.413],[-51.741,4.407],[-51.727,4.398],[-51.715,4.392],[-51.712,4.388],[-51.703,4.39],[-51.7,4.396],[-51.692,4.395],[-51.691,4.39],[-51.694,4.382],[-51.696,4.383],[-51.702,4.382],[-51.708,4.376],[-51.711,4.365],[-51.713,4.364],[-51.718,4.357],[-51.719,4.353],[-51.718,4.34],[-51.717,4.332],[-51.71,4.312],[-51.701,4.294],[-51.696,4.288],[-51.689,4.276],[-51.685,4.273],[-51.68,4.266],[-51.68,4.261],[-51.676,4.254],[-51.669,4.248],[-51.664,4.247],[-51.661,4.244],[-51.657,4.233],[-51.661,4.227],[-51.656,4.226],[-51.651,4.224],[-51.64,4.212],[-51.635,4.201],[-51.619,4.201],[-51.626,4.195],[-51.631,4.187],[-51.635,4.176],[-51.637,4.157],[-51.638,4.133],[-51.642,4.116],[-51.644,4.103],[-51.648,4.08],[-51.649,4.073],[-51.653,4.068],[-51.656,4.054],[-51.66,4.05],[-51.669,4.042],[-51.676,4.036],[-51.683,4.034],[-51.693,4.028],[-51.702,4.024],[-51.709,4.018],[-51.717,4.016],[-51.725,4.011],[-51.729,4.008],[-51.746,4.001],[-51.758,3.992],[-51.765,3.984],[-51.776,3.976],[-51.781,3.969],[-51.782,3.964],[-51.782,3.955],[-51.783,3.946],[-51.78,3.941],[-51.781,3.936],[-51.781,3.926],[-51.783,3.921],[-51.791,3.902],[-51.799,3.887],[-51.814,3.873],[-51.819,3.871],[-51.822,3.868],[-51.823,3.859],[-51.831,3.853],[-51.838,3.85],[-51.846,3.841],[-51.856,3.833],[-51.858,3.827],[-51.864,3.822],[-51.867,3.816],[-51.87,3.808],[-51.874,3.803],[-51.881,3.803],[-51.884,3.802],[-51.886,3.795],[-51.898,3.798],[-51.901,3.8],[-51.905,3.798],[-51.904,3.794],[-51.896,3.789],[-51.898,3.784],[-51.903,3.784],[-51.905,3.781],[-51.913,3.78],[-51.919,3.782],[-51.921,3.778],[-51.921,3.774],[-51.925,3.77],[-51.926,3.767],[-51.922,3.762],[-51.92,3.751],[-51.916,3.746],[-51.92,3.737],[-51.919,3.732],[-51.922,3.724],[-51.926,3.722],[-51.932,3.723],[-51.936,3.719],[-51.949,3.723],[-51.956,3.72],[-51.956,3.715],[-51.962,3.713],[-51.973,3.705],[-51.975,3.694],[-51.977,3.692],[-51.978,3.685],[-51.982,3.678],[-51.986,3.673],[-51.989,3.661],[-51.987,3.653],[-51.993,3.643],[-51.989,3.635],[-51.988,3.628],[-52.003,3.609],[-52.02,3.593],[-52.025,3.584],[-52.028,3.578],[-52.033,3.571],[-52.039,3.557],[-52.048,3.542],[-52.054,3.533],[-52.06,3.52],[-52.064,3.518],[-52.07,3.518],[-52.073,3.516],[-52.073,3.511],[-52.07,3.508],[-52.074,3.5],[-52.078,3.496],[-52.08,3.492],[-52.087,3.49],[-52.094,3.475],[-52.093,3.47],[-52.095,3.462],[-52.1,3.459],[-52.109,3.451],[-52.113,3.442],[-52.114,3.434],[-52.117,3.433],[-52.122,3.424],[-52.129,3.413],[-52.138,3.394],[-52.145,3.382],[-52.15,3.376],[-52.151,3.371],[-52.162,3.351],[-52.169,3.345],[-52.174,3.338],[-52.174,3.332],[-52.177,3.327],[-52.187,3.32],[-52.19,3.31],[-52.193,3.308],[-52.189,3.302],[-52.191,3.297],[-52.194,3.296],[-52.203,3.288],[-52.207,3.28],[-52.211,3.277],[-52.217,3.266],[-52.223,3.257],[-52.223,3.254],[-52.234,3.241],[-52.243,3.237],[-52.247,3.242],[-52.247,3.248],[-52.249,3.25],[-52.26,3.253],[-52.262,3.252],[-52.264,3.245],[-52.272,3.24],[-52.275,3.236],[-52.281,3.234],[-52.287,3.228],[-52.293,3.226],[-52.293,3.219],[-52.295,3.212],[-52.303,3.199],[-52.301,3.189],[-52.301,3.184],[-52.299,3.178],[-52.303,3.173],[-52.312,3.175],[-52.321,3.17],[-52.33,3.172],[-52.329,3.166],[-52.336,3.151],[-52.341,3.147],[-52.341,3.144],[-52.334,3.142],[-52.331,3.139],[-52.334,3.135],[-52.343,3.134],[-52.346,3.136],[-52.353,3.128],[-52.352,3.123],[-52.346,3.12],[-52.339,3.121],[-52.339,3.117],[-52.345,3.108],[-52.345,3.098],[-52.343,3.093],[-52.339,3.089],[-52.331,3.085],[-52.326,3.078],[-52.328,3.071],[-52.332,3.066],[-52.338,3.054],[-52.346,3.042],[-52.346,3.039],[-52.352,3.029],[-52.354,3.021],[-52.362,3.017],[-52.363,3.007],[-52.366,3.001],[-52.366,2.995],[-52.37,2.992],[-52.371,2.989],[-52.368,2.984],[-52.371,2.976],[-52.378,2.963],[-52.383,2.951],[-52.392,2.948],[-52.393,2.945],[-52.39,2.94],[-52.392,2.934],[-52.395,2.931],[-52.395,2.928],[-52.39,2.924],[-52.388,2.917],[-52.377,2.92],[-52.379,2.913],[-52.386,2.905],[-52.39,2.898],[-52.394,2.897],[-52.401,2.897],[-52.406,2.901],[-52.408,2.899],[-52.41,2.893],[-52.42,2.893],[-52.423,2.89],[-52.426,2.882],[-52.431,2.871],[-52.434,2.869],[-52.436,2.864],[-52.442,2.853],[-52.445,2.85],[-52.448,2.842],[-52.451,2.838],[-52.452,2.832],[-52.456,2.822],[-52.459,2.818],[-52.465,2.806],[-52.473,2.794],[-52.475,2.785],[-52.478,2.782],[-52.478,2.777],[-52.476,2.771],[-52.477,2.769],[-52.476,2.763],[-52.481,2.761],[-52.483,2.758],[-52.479,2.753],[-52.483,2.744],[-52.486,2.74],[-52.488,2.733],[-52.493,2.728],[-52.495,2.727],[-52.5,2.722],[-52.5,2.717],[-52.504,2.711],[-52.507,2.703],[-52.507,2.698],[-52.511,2.693],[-52.514,2.693],[-52.52,2.682],[-52.52,2.676],[-52.528,2.663],[-52.526,2.659],[-52.529,2.656],[-52.529,2.652],[-52.533,2.65],[-52.536,2.653],[-52.542,2.654],[-52.55,2.649],[-52.55,2.646],[-52.555,2.64],[-52.555,2.636],[-52.551,2.631],[-52.545,2.631],[-52.542,2.622],[-52.545,2.615],[-52.548,2.615],[-52.55,2.611],[-52.541,2.607],[-52.536,2.603],[-52.531,2.598],[-52.528,2.581],[-52.534,2.575],[-52.538,2.567],[-52.537,2.559],[-52.547,2.562],[-52.551,2.561],[-52.557,2.553],[-52.561,2.55],[-52.56,2.545],[-52.556,2.541],[-52.555,2.532],[-52.55,2.532],[-52.553,2.527],[-52.552,2.521],[-52.558,2.52],[-52.565,2.516],[-52.574,2.507],[-52.576,2.504],[-52.583,2.498],[-52.584,2.495],[-52.589,2.492],[-52.587,2.49],[-52.591,2.487],[-52.594,2.481],[-52.594,2.478],[-52.598,2.475],[-52.602,2.477],[-52.605,2.475],[-52.618,2.475],[-52.622,2.47],[-52.622,2.462],[-52.611,2.455],[-52.61,2.452],[-52.615,2.449],[-52.617,2.445],[-52.634,2.446],[-52.637,2.445],[-52.637,2.44],[-52.646,2.432],[-52.643,2.426],[-52.645,2.418],[-52.648,2.416],[-52.657,2.404],[-52.658,2.399],[-52.654,2.396],[-52.657,2.39],[-52.661,2.374],[-52.669,2.373],[-52.67,2.37],[-52.675,2.369],[-52.68,2.371],[-52.686,2.367],[-52.69,2.368],[-52.693,2.365],[-52.701,2.363],[-52.71,2.359],[-52.719,2.35],[-52.717,2.344],[-52.727,2.34],[-52.733,2.339],[-52.736,2.335],[-52.74,2.337],[-52.742,2.334],[-52.749,2.329],[-52.765,2.323],[-52.771,2.32],[-52.773,2.315],[-52.781,2.316],[-52.783,2.31],[-52.787,2.311],[-52.793,2.305],[-52.797,2.305],[-52.804,2.3],[-52.807,2.3],[-52.812,2.297],[-52.819,2.295],[-52.835,2.293],[-52.837,2.29],[-52.842,2.291],[-52.843,2.287],[-52.839,2.286],[-52.838,2.281],[-52.847,2.281],[-52.853,2.279],[-52.856,2.282],[-52.854,2.264],[-52.866,2.261],[-52.869,2.259],[-52.873,2.251],[-52.873,2.246],[-52.877,2.243],[-52.877,2.238],[-52.887,2.239],[-52.885,2.233],[-52.888,2.224],[-52.886,2.219],[-52.892,2.216],[-52.894,2.208],[-52.896,2.207],[-52.898,2.202],[-52.901,2.199],[-52.904,2.187],[-52.913,2.192],[-52.921,2.193],[-52.921,2.19],[-52.93,2.189],[-52.935,2.194],[-52.939,2.19],[-52.938,2.181],[-52.941,2.179],[-52.949,2.177],[-52.957,2.173],[-52.96,2.175],[-52.968,2.172],[-52.975,2.172],[-52.98,2.168],[-52.988,2.168],[-52.989,2.171],[-52.992,2.172],[-52.999,2.178],[-53.005,2.18],[-53.012,2.178],[-53.019,2.182],[-53.028,2.184],[-53.033,2.187],[-53.039,2.185],[-53.042,2.188],[-53.052,2.19],[-53.056,2.195],[-53.062,2.199],[-53.062,2.204],[-53.069,2.214],[-53.074,2.219],[-53.08,2.222],[-53.094,2.222],[-53.103,2.224],[-53.112,2.225],[-53.118,2.224],[-53.123,2.222],[-53.128,2.223],[-53.131,2.225],[-53.134,2.225],[-53.145,2.219],[-53.153,2.221],[-53.159,2.221],[-53.16,2.217],[-53.167,2.219],[-53.18,2.214],[-53.185,2.211],[-53.191,2.214],[-53.193,2.212],[-53.21,2.211],[-53.211,2.206],[-53.216,2.203],[-53.221,2.203],[-53.224,2.201],[-53.233,2.206],[-53.236,2.21],[-53.245,2.211],[-53.249,2.208],[-53.249,2.204],[-53.253,2.2],[-53.256,2.2],[-53.259,2.193],[-53.263,2.189],[-53.269,2.191],[-53.274,2.19],[-53.278,2.195],[-53.275,2.201],[-53.274,2.21],[-53.275,2.217],[-53.279,2.219],[-53.272,2.222],[-53.263,2.22],[-53.259,2.225],[-53.257,2.231],[-53.259,2.235],[-53.258,2.246],[-53.256,2.249],[-53.252,2.241],[-53.242,2.248],[-53.238,2.249],[-53.234,2.256],[-53.227,2.255],[-53.227,2.264],[-53.234,2.267],[-53.238,2.27],[-53.241,2.269],[-53.256,2.27],[-53.26,2.274],[-53.26,2.286],[-53.266,2.288],[-53.268,2.291],[-53.273,2.293],[-53.281,2.301],[-53.281,2.305],[-53.286,2.304],[-53.292,2.307],[-53.297,2.305],[-53.301,2.307],[-53.302,2.311],[-53.307,2.314],[-53.31,2.319],[-53.314,2.323],[-53.313,2.328],[-53.316,2.332],[-53.316,2.336],[-53.319,2.345],[-53.322,2.343],[-53.321,2.338],[-53.328,2.338],[-53.332,2.334],[-53.333,2.34],[-53.333,2.346],[-53.34,2.352],[-53.344,2.351],[-53.347,2.347],[-53.356,2.348],[-53.361,2.344],[-53.361,2.341],[-53.358,2.338],[-53.36,2.334],[-53.358,2.33],[-53.359,2.327],[-53.372,2.313],[-53.38,2.313],[-53.387,2.308],[-53.388,2.304],[-53.395,2.307],[-53.399,2.305],[-53.403,2.298],[-53.405,2.295],[-53.406,2.29],[-53.411,2.287],[-53.419,2.287],[-53.431,2.289],[-53.431,2.284],[-53.434,2.283],[-53.438,2.277],[-53.44,2.277],[-53.445,2.273],[-53.445,2.267],[-53.447,2.267],[-53.451,2.26],[-53.458,2.258],[-53.461,2.254],[-53.469,2.252],[-53.481,2.256],[-53.484,2.262],[-53.49,2.262],[-53.492,2.257],[-53.496,2.261],[-53.502,2.258],[-53.511,2.257],[-53.515,2.261],[-53.524,2.259],[-53.526,2.253],[-53.535,2.252],[-53.538,2.257],[-53.545,2.255],[-53.547,2.253],[-53.553,2.257],[-53.555,2.257],[-53.56,2.265],[-53.567,2.264],[-53.568,2.267],[-53.574,2.269],[-53.582,2.268],[-53.582,2.263],[-53.587,2.263],[-53.59,2.272],[-53.598,2.274],[-53.6,2.279],[-53.604,2.281],[-53.608,2.278],[-53.615,2.277],[-53.617,2.273],[-53.624,2.276],[-53.623,2.279],[-53.631,2.279],[-53.634,2.276],[-53.641,2.28],[-53.645,2.278],[-53.657,2.279],[-53.658,2.285],[-53.655,2.288],[-53.655,2.293],[-53.652,2.296],[-53.655,2.299],[-53.661,2.295],[-53.663,2.297],[-53.665,2.302],[-53.673,2.302],[-53.674,2.297],[-53.681,2.297],[-53.683,2.293],[-53.689,2.295],[-53.691,2.3],[-53.69,2.306],[-53.699,2.311],[-53.704,2.311],[-53.706,2.306],[-53.711,2.306],[-53.712,2.31],[-53.719,2.309],[-53.729,2.311],[-53.731,2.305],[-53.74,2.306],[-53.744,2.31],[-53.745,2.314],[-53.748,2.316],[-53.748,2.32],[-53.742,2.322],[-53.733,2.322],[-53.738,2.332],[-53.734,2.336],[-53.73,2.336],[-53.726,2.339],[-53.721,2.35],[-53.729,2.348],[-53.729,2.353],[-53.736,2.358],[-53.738,2.361],[-53.743,2.358],[-53.751,2.358],[-53.751,2.362],[-53.737,2.366],[-53.736,2.372],[-53.742,2.373],[-53.743,2.37],[-53.751,2.37],[-53.756,2.371],[-53.758,2.375],[-53.762,2.374],[-53.766,2.376],[-53.77,2.374],[-53.77,2.371],[-53.774,2.369],[-53.78,2.37],[-53.785,2.368],[-53.783,2.361],[-53.79,2.362],[-53.797,2.361],[-53.8,2.354],[-53.806,2.354],[-53.81,2.352],[-53.809,2.349],[-53.81,2.341],[-53.82,2.336],[-53.827,2.335],[-53.835,2.332],[-53.836,2.327],[-53.832,2.327],[-53.828,2.323],[-53.82,2.325],[-53.815,2.322],[-53.813,2.311],[-53.818,2.31],[-53.823,2.313],[-53.826,2.308],[-53.831,2.308],[-53.838,2.302],[-53.842,2.305],[-53.847,2.303],[-53.853,2.304],[-53.853,2.308],[-53.856,2.313],[-53.862,2.31],[-53.864,2.304],[-53.871,2.309],[-53.876,2.308],[-53.883,2.309],[-53.887,2.297],[-53.883,2.287],[-53.889,2.282],[-53.889,2.278],[-53.885,2.275],[-53.889,2.271],[-53.897,2.273],[-53.896,2.268],[-53.901,2.268],[-53.905,2.261],[-53.911,2.261],[-53.915,2.262],[-53.915,2.269],[-53.912,2.272],[-53.915,2.278],[-53.92,2.278],[-53.924,2.274],[-53.934,2.281],[-53.935,2.277],[-53.934,2.269],[-53.937,2.264],[-53.941,2.259],[-53.939,2.253],[-53.934,2.248],[-53.938,2.242],[-53.933,2.237],[-53.936,2.234],[-53.941,2.233],[-53.941,2.224],[-53.94,2.221],[-53.944,2.215],[-53.953,2.219],[-53.956,2.217],[-53.962,2.219],[-53.97,2.213],[-53.974,2.206],[-53.979,2.207],[-53.982,2.209],[-53.99,2.209],[-53.996,2.205],[-53.999,2.2],[-54.006,2.196],[-54.009,2.189],[-54.014,2.186],[-54.016,2.183],[-54.024,2.181],[-54.025,2.186],[-54.029,2.185],[-54.033,2.188],[-54.046,2.186],[-54.049,2.189],[-54.056,2.19],[-54.058,2.192],[-54.059,2.198],[-54.066,2.197],[-54.066,2.19],[-54.073,2.183],[-54.072,2.179],[-54.078,2.174],[-54.083,2.173],[-54.082,2.166],[-54.086,2.159],[-54.088,2.154],[-54.084,2.15],[-54.087,2.142],[-54.084,2.14],[-54.084,2.136],[-54.09,2.139],[-54.094,2.14],[-54.095,2.132],[-54.099,2.132],[-54.106,2.121],[-54.102,2.116],[-54.101,2.112],[-54.107,2.111],[-54.112,2.118],[-54.116,2.117],[-54.119,2.122],[-54.124,2.122],[-54.126,2.124],[-54.132,2.121],[-54.136,2.122],[-54.142,2.113],[-54.145,2.117],[-54.144,2.12],[-54.15,2.12],[-54.159,2.124],[-54.157,2.127],[-54.16,2.129],[-54.169,2.129],[-54.169,2.133],[-54.174,2.137],[-54.173,2.144],[-54.176,2.15],[-54.182,2.151],[-54.182,2.155],[-54.186,2.165],[-54.185,2.173],[-54.184,2.178],[-54.187,2.179],[-54.19,2.177],[-54.19,2.171],[-54.197,2.168],[-54.199,2.168],[-54.204,2.163],[-54.211,2.159],[-54.216,2.159],[-54.224,2.15],[-54.228,2.152],[-54.232,2.151],[-54.24,2.152],[-54.245,2.156],[-54.251,2.153],[-54.254,2.156],[-54.258,2.155],[-54.266,2.145],[-54.28,2.146],[-54.288,2.148],[-54.292,2.15],[-54.302,2.153],[-54.303,2.155],[-54.308,2.154],[-54.311,2.157],[-54.321,2.159],[-54.323,2.154],[-54.332,2.155],[-54.342,2.152],[-54.344,2.161],[-54.339,2.169],[-54.344,2.171],[-54.348,2.174],[-54.353,2.171],[-54.358,2.175],[-54.361,2.175],[-54.363,2.18],[-54.362,2.183],[-54.365,2.187],[-54.361,2.188],[-54.362,2.195],[-54.358,2.197],[-54.355,2.203],[-54.362,2.212],[-54.37,2.206],[-54.38,2.203],[-54.384,2.206],[-54.391,2.205],[-54.395,2.202],[-54.397,2.197],[-54.405,2.199],[-54.41,2.199],[-54.416,2.195],[-54.421,2.2],[-54.416,2.208],[-54.419,2.212],[-54.427,2.215],[-54.431,2.214],[-54.442,2.205],[-54.449,2.204],[-54.457,2.21],[-54.461,2.208],[-54.473,2.214],[-54.477,2.213],[-54.478,2.216],[-54.476,2.225],[-54.478,2.229],[-54.483,2.229],[-54.486,2.233],[-54.496,2.233],[-54.496,2.237],[-54.499,2.24],[-54.494,2.244],[-54.496,2.249],[-54.505,2.255],[-54.512,2.253],[-54.523,2.252],[-54.527,2.261],[-54.536,2.26],[-54.541,2.266],[-54.548,2.27],[-54.549,2.272],[-54.539,2.272],[-54.529,2.276],[-54.527,2.279],[-54.52,2.277],[-54.515,2.278],[-54.514,2.281],[-54.519,2.289],[-54.528,2.29],[-54.534,2.293],[-54.535,2.299],[-54.539,2.305],[-54.534,2.311],[-54.533,2.317],[-54.539,2.321],[-54.539,2.325],[-54.543,2.327],[-54.55,2.325],[-54.555,2.326],[-54.557,2.33],[-54.56,2.327],[-54.568,2.326],[-54.576,2.327],[-54.579,2.324],[-54.584,2.324],[-54.588,2.322],[-54.592,2.325],[-54.593,2.329],[-54.602,2.337],[-54.597,2.341],[-54.593,2.341],[-54.594,2.346],[-54.59,2.352],[-54.585,2.349],[-54.578,2.35],[-54.575,2.354],[-54.57,2.354],[-54.563,2.352],[-54.558,2.352],[-54.543,2.344],[-54.535,2.341],[-54.533,2.339],[-54.534,2.334],[-54.525,2.333],[-54.522,2.337],[-54.51,2.337],[-54.506,2.338],[-54.506,2.342],[-54.51,2.353],[-54.512,2.36],[-54.51,2.371],[-54.505,2.378],[-54.505,2.391],[-54.5,2.399],[-54.5,2.402],[-54.496,2.406],[-54.486,2.412],[-54.484,2.419],[-54.478,2.427],[-54.475,2.432],[-54.476,2.435],[-54.461,2.435],[-54.452,2.432],[-54.451,2.435],[-54.445,2.434],[-54.438,2.43],[-54.434,2.435],[-54.425,2.438],[-54.42,2.437],[-54.416,2.441],[-54.412,2.45],[-54.409,2.45],[-54.403,2.458],[-54.399,2.468],[-54.396,2.469],[-54.391,2.467],[-54.387,2.47],[-54.388,2.477],[-54.389,2.481],[-54.384,2.486],[-54.38,2.485],[-54.373,2.491],[-54.375,2.497],[-54.372,2.505],[-54.37,2.509],[-54.36,2.509],[-54.361,2.515],[-54.353,2.519],[-54.349,2.525],[-54.352,2.529],[-54.346,2.532],[-54.344,2.536],[-54.343,2.543],[-54.345,2.548],[-54.343,2.553],[-54.345,2.563],[-54.335,2.565],[-54.328,2.575],[-54.33,2.578],[-54.328,2.584],[-54.325,2.589],[-54.323,2.594],[-54.322,2.604],[-54.321,2.609],[-54.317,2.613],[-54.313,2.613],[-54.313,2.618],[-54.317,2.62],[-54.318,2.63],[-54.313,2.631],[-54.308,2.642],[-54.305,2.646],[-54.296,2.652],[-54.291,2.661],[-54.286,2.664],[-54.281,2.663],[-54.279,2.67],[-54.274,2.676],[-54.278,2.683],[-54.275,2.686],[-54.269,2.685],[-54.266,2.689],[-54.271,2.69],[-54.273,2.693],[-54.271,2.697],[-54.27,2.704],[-54.265,2.723],[-54.257,2.73],[-54.252,2.73],[-54.245,2.733],[-54.246,2.739],[-54.235,2.747],[-54.233,2.751],[-54.229,2.75],[-54.223,2.754],[-54.226,2.759],[-54.225,2.763],[-54.218,2.761],[-54.216,2.767],[-54.213,2.773],[-54.208,2.778],[-54.211,2.789],[-54.208,2.794],[-54.203,2.795],[-54.203,2.799],[-54.198,2.804],[-54.204,2.814],[-54.205,2.821],[-54.203,2.826],[-54.208,2.827],[-54.208,2.831],[-54.203,2.832],[-54.198,2.835],[-54.195,2.831],[-54.186,2.838],[-54.187,2.842],[-54.183,2.846],[-54.183,2.855],[-54.179,2.859],[-54.181,2.865],[-54.189,2.868],[-54.192,2.872],[-54.193,2.88],[-54.195,2.885],[-54.192,2.889],[-54.191,2.898],[-54.186,2.904],[-54.186,2.908],[-54.185,2.917],[-54.191,2.919],[-54.191,2.925],[-54.185,2.928],[-54.179,2.928],[-54.173,2.939],[-54.172,2.942],[-54.177,2.944],[-54.173,2.948],[-54.176,2.958],[-54.172,2.965],[-54.165,2.965],[-54.161,2.969],[-54.163,2.972],[-54.17,2.973],[-54.177,2.976],[-54.181,2.984],[-54.181,2.993],[-54.186,2.999],[-54.182,3.002],[-54.178,3.001],[-54.176,3.004],[-54.17,3.006],[-54.172,3.012],[-54.17,3.016],[-54.173,3.025],[-54.177,3.029],[-54.179,3.039],[-54.182,3.041],[-54.182,3.046],[-54.185,3.052],[-54.191,3.054],[-54.192,3.056],[-54.193,3.062],[-54.195,3.065],[-54.191,3.07],[-54.184,3.073],[-54.174,3.073],[-54.173,3.079],[-54.175,3.083],[-54.181,3.086],[-54.181,3.091],[-54.177,3.098],[-54.174,3.106],[-54.174,3.109],[-54.178,3.11],[-54.18,3.115],[-54.179,3.121],[-54.181,3.125],[-54.184,3.126],[-54.188,3.133],[-54.192,3.135],[-54.196,3.134],[-54.197,3.126],[-54.199,3.124],[-54.203,3.126],[-54.211,3.128],[-54.214,3.133],[-54.214,3.136],[-54.208,3.137],[-54.201,3.142],[-54.211,3.144],[-54.214,3.15],[-54.212,3.155],[-54.208,3.154],[-54.203,3.158],[-54.201,3.163],[-54.204,3.167],[-54.203,3.175],[-54.199,3.176],[-54.199,3.183],[-54.196,3.187],[-54.197,3.192],[-54.194,3.197],[-54.189,3.202],[-54.189,3.206],[-54.182,3.207],[-54.175,3.206],[-54.173,3.214],[-54.168,3.217],[-54.167,3.225],[-54.163,3.23],[-54.154,3.233],[-54.152,3.247],[-54.145,3.25],[-54.143,3.257],[-54.136,3.266],[-54.122,3.272],[-54.12,3.28],[-54.118,3.285],[-54.11,3.287],[-54.104,3.294],[-54.101,3.3],[-54.094,3.295],[-54.086,3.292],[-54.081,3.293],[-54.07,3.303],[-54.064,3.313],[-54.064,3.316],[-54.067,3.324],[-54.065,3.331],[-54.063,3.333],[-54.063,3.342],[-54.061,3.349],[-54.062,3.352],[-54.059,3.359],[-54.055,3.36],[-54.054,3.363],[-54.054,3.371],[-54.059,3.378],[-54.059,3.385],[-54.05,3.386],[-54.042,3.395],[-54.037,3.403],[-54.034,3.405],[-54.021,3.412],[-54.012,3.427],[-54.019,3.436],[-54.02,3.443],[-54.016,3.451],[-54.017,3.457],[-54.01,3.464],[-54.008,3.468],[-54.009,3.491],[-54.008,3.507],[-54.004,3.517],[-54,3.524],[-54.001,3.528],[-54.008,3.533],[-54.009,3.536],[-54.005,3.549],[-54.005,3.561],[-53.999,3.571],[-53.995,3.575],[-53.987,3.58],[-53.984,3.589],[-53.985,3.594],[-53.983,3.6],[-53.981,3.604],[-53.981,3.608],[-53.989,3.615],[-53.992,3.619],[-53.992,3.626],[-53.998,3.637],[-54.003,3.645],[-54.007,3.649],[-54.013,3.651],[-54.023,3.647],[-54.026,3.642],[-54.025,3.638],[-54.029,3.631],[-54.043,3.635],[-54.046,3.633],[-54.051,3.635],[-54.052,3.64],[-54.05,3.645],[-54.05,3.653],[-54.057,3.66],[-54.065,3.664],[-54.072,3.669],[-54.077,3.67],[-54.083,3.674],[-54.084,3.684],[-54.087,3.687],[-54.086,3.693],[-54.083,3.696],[-54.079,3.706],[-54.079,3.714],[-54.082,3.72],[-54.085,3.724],[-54.096,3.733],[-54.101,3.752],[-54.106,3.76],[-54.113,3.768],[-54.115,3.778],[-54.122,3.793],[-54.13,3.8],[-54.15,3.804],[-54.166,3.805],[-54.173,3.803],[-54.186,3.8],[-54.191,3.801],[-54.198,3.806],[-54.201,3.811],[-54.2,3.819],[-54.202,3.823],[-54.198,3.829],[-54.19,3.837],[-54.189,3.842],[-54.192,3.847],[-54.197,3.851],[-54.211,3.855],[-54.219,3.856],[-54.223,3.856],[-54.231,3.857],[-54.237,3.861],[-54.24,3.866],[-54.242,3.873],[-54.25,3.887],[-54.253,3.899],[-54.249,3.904],[-54.249,3.909],[-54.262,3.915],[-54.268,3.919],[-54.268,3.923],[-54.274,3.928],[-54.276,3.925],[-54.283,3.927],[-54.29,3.936],[-54.293,3.945],[-54.296,3.948],[-54.296,3.954],[-54.3,3.968],[-54.302,3.975],[-54.303,3.983],[-54.308,3.989],[-54.312,4.002],[-54.316,4.008],[-54.318,4.015],[-54.327,4.023],[-54.336,4.037],[-54.345,4.045],[-54.35,4.043],[-54.355,4.046],[-54.358,4.05],[-54.355,4.057],[-54.354,4.065],[-54.352,4.073],[-54.35,4.076],[-54.347,4.083],[-54.342,4.09],[-54.343,4.093],[-54.346,4.099],[-54.344,4.113],[-54.342,4.116],[-54.336,4.119],[-54.331,4.128],[-54.327,4.13],[-54.323,4.135],[-54.323,4.144],[-54.325,4.15],[-54.332,4.153],[-54.334,4.153],[-54.341,4.156],[-54.348,4.164],[-54.356,4.169],[-54.358,4.168],[-54.366,4.176],[-54.374,4.178],[-54.379,4.177],[-54.387,4.179],[-54.391,4.187],[-54.396,4.202],[-54.396,4.209],[-54.392,4.219],[-54.393,4.224],[-54.39,4.231],[-54.388,4.246],[-54.382,4.263],[-54.383,4.272],[-54.388,4.276],[-54.392,4.283],[-54.393,4.29],[-54.393,4.3],[-54.394,4.307],[-54.393,4.313],[-54.391,4.324],[-54.393,4.33],[-54.39,4.336],[-54.391,4.341],[-54.387,4.354],[-54.395,4.365],[-54.399,4.369],[-54.409,4.371],[-54.414,4.375],[-54.416,4.376],[-54.433,4.365],[-54.436,4.362],[-54.439,4.367],[-54.442,4.371],[-54.436,4.384],[-54.438,4.387],[-54.436,4.395],[-54.433,4.4],[-54.435,4.408],[-54.432,4.41],[-54.432,4.415],[-54.438,4.424],[-54.442,4.438],[-54.44,4.44],[-54.438,4.446],[-54.434,4.45],[-54.434,4.457],[-54.432,4.463],[-54.432,4.468],[-54.441,4.488],[-54.439,4.492],[-54.44,4.499],[-54.446,4.511],[-54.45,4.526],[-54.448,4.53],[-54.441,4.535],[-54.439,4.542],[-54.432,4.548],[-54.425,4.555],[-54.426,4.559],[-54.423,4.568],[-54.424,4.572],[-54.418,4.579],[-54.419,4.586],[-54.416,4.59],[-54.417,4.598],[-54.415,4.606],[-54.423,4.617],[-54.43,4.627],[-54.434,4.629],[-54.438,4.643],[-54.434,4.656],[-54.427,4.659],[-54.424,4.665],[-54.428,4.673],[-54.426,4.683],[-54.432,4.688],[-54.433,4.697],[-54.431,4.701],[-54.428,4.709],[-54.427,4.715],[-54.43,4.72],[-54.435,4.725],[-54.441,4.725],[-54.451,4.723],[-54.459,4.726],[-54.465,4.736],[-54.466,4.74],[-54.465,4.747],[-54.464,4.76],[-54.462,4.773],[-54.46,4.778],[-54.46,4.783],[-54.464,4.788],[-54.464,4.801],[-54.468,4.815],[-54.466,4.824],[-54.468,4.84],[-54.468,4.855],[-54.469,4.863],[-54.467,4.873],[-54.47,4.88],[-54.469,4.89],[-54.471,4.893],[-54.478,4.895],[-54.479,4.904],[-54.472,4.91],[-54.469,4.915],[-54.463,4.918],[-54.458,4.924],[-54.455,4.93],[-54.446,4.935],[-54.444,4.94],[-54.44,4.953],[-54.44,4.972],[-54.443,4.98],[-54.443,4.987],[-54.436,4.993],[-54.438,5.005],[-54.438,5.017],[-54.433,5.024],[-54.428,5.029],[-54.426,5.034],[-54.419,5.052],[-54.417,5.061],[-54.418,5.076],[-54.416,5.085],[-54.407,5.091],[-54.399,5.092],[-54.393,5.096],[-54.385,5.102],[-54.375,5.108],[-54.37,5.115],[-54.368,5.122],[-54.371,5.127],[-54.365,5.138],[-54.354,5.142],[-54.351,5.144],[-54.348,5.15],[-54.348,5.158],[-54.346,5.162],[-54.334,5.176],[-54.328,5.188],[-54.323,5.198],[-54.313,5.213],[-54.308,5.225],[-54.286,5.249],[-54.279,5.263],[-54.263,5.276],[-54.256,5.281],[-54.24,5.286],[-54.233,5.294],[-54.228,5.299],[-54.218,5.303],[-54.209,5.303],[-54.205,5.311],[-54.197,5.319],[-54.184,5.323],[-54.18,5.329],[-54.174,5.342],[-54.171,5.345],[-54.155,5.356],[-54.148,5.363],[-54.142,5.371],[-54.133,5.385],[-54.13,5.39],[-54.127,5.402],[-54.118,5.417],[-54.11,5.423],[-54.105,5.431],[-54.098,5.435],[-54.093,5.441],[-54.084,5.455],[-54.076,5.465],[-54.07,5.473],[-54.064,5.481],[-54.06,5.484],[-54.047,5.492],[-54.042,5.503],[-54.038,5.51],[-54.029,5.516],[-54.019,5.521],[-54.014,5.53],[-54.01,5.545],[-54.006,5.558],[-54.004,5.573],[-54.004,5.582],[-54.007,5.589],[-54.005,5.612],[-54.006,5.618],[-54.015,5.641],[-54.015,5.652],[-54.012,5.663],[-53.99,5.7],[-53.984,5.715],[-53.979,5.724],[-53.972,5.734],[-53.968,5.745],[-53.951,5.744],[-53.946,5.747],[-53.934,5.747],[-53.912,5.74],[-53.903,5.735],[-53.895,5.733],[-53.877,5.732],[-53.865,5.732],[-53.854,5.731],[-53.837,5.732],[-53.832,5.731],[-53.817,5.729],[-53.799,5.724],[-53.787,5.719],[-53.776,5.713],[-53.771,5.709],[-53.753,5.7],[-53.747,5.695],[-53.736,5.689],[-53.735,5.691],[-53.729,5.688],[-53.722,5.686],[-53.715,5.681],[-53.709,5.678],[-53.709,5.675],[-53.704,5.674],[-53.697,5.668],[-53.689,5.665],[-53.675,5.655],[-53.664,5.65],[-53.662,5.647],[-53.651,5.644],[-53.647,5.64],[-53.643,5.639],[-53.633,5.633],[-53.63,5.633],[-53.619,5.625],[-53.614,5.622],[-53.611,5.619],[-53.6,5.612],[-53.593,5.608],[-53.587,5.607],[-53.582,5.609],[-53.576,5.607],[-53.566,5.601],[-53.539,5.591],[-53.538,5.59],[-53.525,5.584],[-53.509,5.578],[-53.49,5.573],[-53.469,5.565]]],[[[-52.586,5.285],[-52.594,5.287],[-52.593,5.289],[-52.587,5.289],[-52.586,5.285]]],[[[-52.585,5.29],[-52.583,5.296],[-52.58,5.295],[-52.585,5.29]]]]},"properties":{"code":"973","nom":"Guyane"}},{"type":"Feature","geometry":{"type":"MultiPolygon","coordinates":[[[[45.041,-12.647],[45.041,-12.647],[45.042,-12.647],[45.042,-12.648],[45.042,-12.648],[45.042,-12.649],[45.041,-12.649],[45.041,-12.649],[45.041,-12.649],[45.041,-12.649],[45.041,-12.649],[45.04,-12.649],[45.04,-12.649],[45.04,-12.65],[45.04,-12.65],[45.039,-12.65],[45.039,-12.65],[45.039,-12.65],[45.038,-12.65],[45.038,-12.65],[45.038,-12.65],[45.037,-12.651],[45.036,-12.651],[45.036,-12.651],[45.036,-12.652],[45.035,-12.652],[45.035,-12.652],[45.035,-12.652],[45.035,-12.652],[45.034,-12.653],[45.034,-12.653],[45.034,-12.654],[45.034,-12.654],[45.034,-12.654],[45.034,-12.654],[45.033,-12.655],[45.033,-12.655],[45.033,-12.656],[45.033,-12.656],[45.033,-12.656],[45.033,-12.656],[45.032,-12.656],[45.032,-12.656],[45.032,-12.656],[45.032,-12.656],[45.031,-12.656],[45.031,-12.656],[45.031,-12.655],[45.031,-12.655],[45.031,-12.655],[45.03,-12.655],[45.029,-12.655],[45.029,-12.655],[45.029,-12.655],[45.03,-12.654],[45.03,-12.654],[45.03,-12.653],[45.03,-12.653],[45.03,-12.652],[45.03,-12.652],[45.03,-12.651],[45.03,-12.651],[45.03,-12.65],[45.029,-12.65],[45.029,-12.65],[45.028,-12.649],[45.027,-12.648],[45.026,-12.648],[45.026,-12.648],[45.025,-12.647],[45.025,-12.647],[45.025,-12.647],[45.024,-12.647],[45.024,-12.646],[45.023,-12.646],[45.023,-12.647],[45.022,-12.647],[45.022,-12.647],[45.022,-12.647],[45.022,-12.648],[45.022,-12.648],[45.021,-12.648],[45.021,-12.648],[45.021,-12.648],[45.02,-12.647],[45.02,-12.647],[45.02,-12.647],[45.019,-12.647],[45.019,-12.647],[45.019,-12.647],[45.019,-12.647],[45.019,-12.647],[45.019,-12.647],[45.019,-12.646],[45.019,-12.646],[45.019,-12.646],[45.019,-12.645],[45.019,-12.645],[45.019,-12.645],[45.018,-12.644],[45.018,-12.644],[45.018,-12.644],[45.018,-12.643],[45.018,-12.643],[45.019,-12.643],[45.019,-12.643],[45.019,-12.643],[45.02,-12.643],[45.02,-12.643],[45.021,-12.643],[45.021,-12.643],[45.022,-12.642],[45.022,-12.642],[45.022,-12.642],[45.023,-12.642],[45.023,-12.642],[45.023,-12.641],[45.023,-12.641],[45.024,-12.641],[45.024,-12.64],[45.025,-12.64],[45.025,-12.64],[45.025,-12.639],[45.025,-12.639],[45.025,-12.639],[45.025,-12.639],[45.025,-12.639],[45.025,-12.638],[45.025,-12.638],[45.025,-12.638],[45.026,-12.638],[45.026,-12.638],[45.026,-12.637],[45.026,-12.637],[45.026,-12.637],[45.027,-12.637],[45.027,-12.637],[45.027,-12.637],[45.028,-12.637],[45.028,-12.637],[45.028,-12.637],[45.03,-12.638],[45.03,-12.638],[45.03,-12.638],[45.031,-12.639],[45.031,-12.639],[45.032,-12.639],[45.032,-12.639],[45.032,-12.639],[45.033,-12.64],[45.033,-12.64],[45.033,-12.64],[45.033,-12.64],[45.033,-12.64],[45.034,-12.641],[45.034,-12.641],[45.034,-12.642],[45.035,-12.642],[45.035,-12.642],[45.035,-12.642],[45.036,-12.643],[45.036,-12.643],[45.036,-12.643],[45.037,-12.643],[45.037,-12.644],[45.037,-12.644],[45.037,-12.644],[45.037,-12.644],[45.037,-12.644],[45.038,-12.645],[45.038,-12.645],[45.039,-12.645],[45.039,-12.646],[45.04,-12.646],[45.04,-12.646],[45.04,-12.647],[45.041,-12.647],[45.041,-12.647],[45.041,-12.647]]],[[[45.028,-12.657],[45.028,-12.657],[45.028,-12.657],[45.028,-12.657],[45.027,-12.658],[45.027,-12.658],[45.027,-12.658],[45.027,-12.658],[45.027,-12.658],[45.027,-12.657],[45.027,-12.657],[45.027,-12.657],[45.027,-12.656],[45.027,-12.656],[45.028,-12.656],[45.028,-12.656],[45.028,-12.655],[45.028,-12.655],[45.028,-12.656],[45.028,-12.656],[45.028,-12.656],[45.028,-12.657],[45.028,-12.657]]],[[[45.138,-13.003],[45.138,-13.005],[45.138,-13.005],[45.138,-13.005],[45.138,-13.005],[45.138,-13.005],[45.137,-13.005],[45.137,-13.005],[45.137,-13.005],[45.137,-13.004],[45.137,-13.004],[45.137,-13.004],[45.137,-13.003],[45.137,-13.003],[45.137,-13.003],[45.138,-13.002],[45.138,-13.002],[45.138,-13.001],[45.138,-13.001],[45.139,-13.002],[45.138,-13.002],[45.138,-13.003],[45.138,-13.003],[45.138,-13.003]]],[[[45.234,-12.898],[45.234,-12.898],[45.234,-12.899],[45.234,-12.899],[45.234,-12.899],[45.234,-12.899],[45.233,-12.9],[45.234,-12.9],[45.233,-12.9],[45.233,-12.9],[45.233,-12.9],[45.232,-12.901],[45.232,-12.901],[45.232,-12.901],[45.232,-12.901],[45.233,-12.901],[45.232,-12.901],[45.232,-12.901],[45.232,-12.902],[45.232,-12.902],[45.232,-12.902],[45.232,-12.902],[45.231,-12.902],[45.232,-12.901],[45.232,-12.901],[45.231,-12.901],[45.231,-12.901],[45.231,-12.9],[45.231,-12.9],[45.231,-12.9],[45.23,-12.9],[45.23,-12.9],[45.23,-12.9],[45.23,-12.899],[45.23,-12.899],[45.23,-12.899],[45.23,-12.899],[45.23,-12.899],[45.23,-12.899],[45.23,-12.898],[45.23,-12.898],[45.23,-12.898],[45.23,-12.898],[45.23,-12.898],[45.23,-12.898],[45.23,-12.897],[45.23,-12.897],[45.23,-12.896],[45.23,-12.896],[45.231,-12.896],[45.231,-12.896],[45.231,-12.895],[45.231,-12.895],[45.232,-12.895],[45.232,-12.895],[45.232,-12.895],[45.232,-12.895],[45.233,-12.895],[45.233,-12.896],[45.233,-12.896],[45.234,-12.896],[45.234,-12.896],[45.234,-12.896],[45.234,-12.897],[45.234,-12.897],[45.234,-12.897],[45.234,-12.897],[45.234,-12.898],[45.234,-12.898],[45.234,-12.898]]],[[[45.067,-12.76],[45.066,-12.76],[45.066,-12.76],[45.066,-12.76],[45.067,-12.759],[45.067,-12.76]]],[[[45.09,-12.847],[45.09,-12.847],[45.09,-12.847],[45.089,-12.847],[45.089,-12.847],[45.089,-12.847],[45.089,-12.847],[45.089,-12.847],[45.089,-12.847],[45.089,-12.846],[45.089,-12.846],[45.089,-12.846],[45.089,-12.846],[45.09,-12.846],[45.09,-12.847]]],[[[45.219,-12.983],[45.218,-12.984],[45.218,-12.984],[45.218,-12.985],[45.218,-12.986],[45.217,-12.986],[45.217,-12.986],[45.216,-12.986],[45.216,-12.986],[45.216,-12.986],[45.216,-12.986],[45.216,-12.985],[45.216,-12.985],[45.216,-12.984],[45.216,-12.984],[45.217,-12.983],[45.217,-12.983],[45.217,-12.982],[45.217,-12.981],[45.217,-12.981],[45.217,-12.981],[45.217,-12.981],[45.218,-12.981],[45.218,-12.981],[45.218,-12.982],[45.219,-12.982],[45.219,-12.982],[45.219,-12.982],[45.219,-12.982],[45.219,-12.983]]],[[[45.16,-12.976],[45.16,-12.976],[45.159,-12.976],[45.16,-12.976],[45.16,-12.976],[45.16,-12.975],[45.161,-12.975],[45.161,-12.975],[45.161,-12.975],[45.161,-12.976],[45.161,-12.976],[45.16,-12.976]]],[[[45.144,-12.92],[45.144,-12.92],[45.143,-12.92],[45.143,-12.921],[45.143,-12.921],[45.143,-12.921],[45.142,-12.921],[45.142,-12.921],[45.142,-12.922],[45.142,-12.922],[45.142,-12.922],[45.142,-12.923],[45.142,-12.923],[45.141,-12.922],[45.141,-12.922],[45.141,-12.922],[45.141,-12.922],[45.141,-12.922],[45.141,-12.922],[45.14,-12.922],[45.14,-12.922],[45.14,-12.922],[45.139,-12.922],[45.139,-12.921],[45.139,-12.921],[45.139,-12.921],[45.14,-12.921],[45.14,-12.921],[45.14,-12.92],[45.14,-12.92],[45.141,-12.919],[45.141,-12.919],[45.141,-12.918],[45.141,-12.918],[45.141,-12.918],[45.142,-12.917],[45.142,-12.917],[45.142,-12.917],[45.142,-12.918],[45.143,-12.918],[45.143,-12.918],[45.143,-12.918],[45.143,-12.919],[45.143,-12.919],[45.143,-12.919],[45.144,-12.92],[45.144,-12.92],[45.144,-12.92]]],[[[45.203,-12.934],[45.202,-12.934],[45.203,-12.934],[45.203,-12.935],[45.202,-12.935],[45.202,-12.935],[45.202,-12.935],[45.201,-12.934],[45.201,-12.934],[45.201,-12.934],[45.201,-12.934],[45.2,-12.934],[45.2,-12.934],[45.2,-12.934],[45.2,-12.934],[45.2,-12.933],[45.199,-12.933],[45.199,-12.933],[45.198,-12.933],[45.198,-12.933],[45.198,-12.932],[45.198,-12.932],[45.199,-12.932],[45.199,-12.932],[45.2,-12.932],[45.2,-12.933],[45.201,-12.933],[45.201,-12.933],[45.202,-12.933],[45.202,-12.933],[45.202,-12.933],[45.203,-12.934]]],[[[45.207,-12.92],[45.208,-12.921],[45.208,-12.921],[45.208,-12.921],[45.208,-12.921],[45.208,-12.921],[45.208,-12.921],[45.208,-12.921],[45.206,-12.921],[45.206,-12.921],[45.206,-12.921],[45.205,-12.92],[45.205,-12.92],[45.206,-12.92],[45.206,-12.92],[45.207,-12.92],[45.207,-12.92],[45.207,-12.92],[45.207,-12.92]]],[[[45.206,-12.911],[45.205,-12.911],[45.206,-12.911],[45.206,-12.911]]],[[[45.205,-12.91],[45.205,-12.91],[45.205,-12.91],[45.205,-12.91],[45.205,-12.91]]],[[[45.128,-12.725],[45.129,-12.725],[45.128,-12.725],[45.128,-12.725],[45.128,-12.725],[45.128,-12.724],[45.128,-12.724],[45.128,-12.725]]],[[[45.174,-12.718],[45.173,-12.718],[45.173,-12.719],[45.173,-12.719],[45.173,-12.718],[45.174,-12.718],[45.174,-12.718]]],[[[45.128,-12.723],[45.128,-12.723],[45.128,-12.723],[45.128,-12.723],[45.128,-12.723]]],[[[45.196,-12.907],[45.196,-12.907],[45.195,-12.907],[45.195,-12.907],[45.196,-12.907]]],[[[45.118,-12.675],[45.118,-12.675],[45.118,-12.676],[45.118,-12.677],[45.118,-12.677],[45.117,-12.676],[45.117,-12.676],[45.117,-12.676],[45.117,-12.676],[45.116,-12.676],[45.116,-12.676],[45.116,-12.676],[45.115,-12.676],[45.115,-12.676],[45.115,-12.676],[45.114,-12.676],[45.114,-12.676],[45.114,-12.676],[45.113,-12.676],[45.113,-12.676],[45.113,-12.676],[45.113,-12.676],[45.112,-12.676],[45.112,-12.676],[45.111,-12.676],[45.111,-12.676],[45.111,-12.676],[45.111,-12.675],[45.111,-12.675],[45.111,-12.675],[45.112,-12.675],[45.112,-12.674],[45.112,-12.674],[45.113,-12.674],[45.113,-12.674],[45.113,-12.674],[45.114,-12.673],[45.114,-12.673],[45.114,-12.674],[45.114,-12.674],[45.115,-12.674],[45.115,-12.674],[45.115,-12.675],[45.116,-12.675],[45.116,-12.675],[45.117,-12.675],[45.117,-12.675],[45.117,-12.675],[45.118,-12.675],[45.118,-12.675]]],[[[45.059,-12.677],[45.059,-12.677],[45.059,-12.677],[45.059,-12.677],[45.059,-12.677],[45.059,-12.677],[45.058,-12.677],[45.058,-12.677],[45.058,-12.677],[45.057,-12.678],[45.057,-12.678],[45.057,-12.678],[45.057,-12.678],[45.057,-12.678],[45.057,-12.678],[45.056,-12.677],[45.056,-12.678],[45.056,-12.677],[45.056,-12.677],[45.056,-12.677],[45.055,-12.677],[45.055,-12.677],[45.055,-12.677],[45.055,-12.676],[45.055,-12.676],[45.056,-12.677],[45.056,-12.676],[45.056,-12.676],[45.056,-12.677],[45.056,-12.677],[45.057,-12.676],[45.057,-12.676],[45.057,-12.676],[45.057,-12.676],[45.057,-12.676],[45.057,-12.676],[45.057,-12.676],[45.057,-12.676],[45.058,-12.676],[45.058,-12.676],[45.058,-12.676],[45.058,-12.676],[45.059,-12.676],[45.059,-12.676],[45.059,-12.675],[45.059,-12.675],[45.059,-12.675],[45.059,-12.675],[45.059,-12.675],[45.06,-12.675],[45.06,-12.675],[45.06,-12.675],[45.06,-12.675],[45.06,-12.676],[45.06,-12.676],[45.059,-12.677],[45.059,-12.677]]],[[[45.049,-12.672],[45.049,-12.672],[45.05,-12.673],[45.049,-12.673],[45.049,-12.673],[45.049,-12.673],[45.049,-12.673],[45.048,-12.672],[45.048,-12.672],[45.048,-12.672],[45.048,-12.672],[45.047,-12.672],[45.047,-12.672],[45.046,-12.672],[45.046,-12.672],[45.046,-12.672],[45.046,-12.671],[45.047,-12.672],[45.047,-12.671],[45.047,-12.671],[45.049,-12.671],[45.049,-12.672],[45.049,-12.672]]],[[[45.13,-12.689],[45.13,-12.69],[45.129,-12.69],[45.129,-12.69],[45.129,-12.69],[45.128,-12.689],[45.128,-12.689],[45.128,-12.689],[45.128,-12.689],[45.129,-12.689],[45.13,-12.689],[45.13,-12.689],[45.13,-12.689]]],[[[45.119,-12.689],[45.119,-12.689],[45.119,-12.689],[45.119,-12.688],[45.119,-12.689]]],[[[45.051,-12.676],[45.052,-12.676],[45.051,-12.676],[45.051,-12.676],[45.051,-12.676]]],[[[45.1,-12.802],[45.1,-12.801],[45.1,-12.801],[45.1,-12.8],[45.1,-12.8],[45.1,-12.799],[45.1,-12.799],[45.1,-12.799],[45.1,-12.798],[45.1,-12.798],[45.1,-12.798],[45.1,-12.798],[45.1,-12.798],[45.101,-12.797],[45.101,-12.797],[45.102,-12.797],[45.102,-12.797],[45.103,-12.797],[45.103,-12.797],[45.103,-12.797],[45.104,-12.797],[45.104,-12.797],[45.105,-12.796],[45.105,-12.796],[45.105,-12.796],[45.106,-12.796],[45.106,-12.796],[45.106,-12.796],[45.106,-12.796],[45.107,-12.796],[45.107,-12.796],[45.108,-12.796],[45.108,-12.795],[45.108,-12.795],[45.108,-12.795],[45.109,-12.795],[45.109,-12.795],[45.109,-12.795],[45.109,-12.796],[45.11,-12.796],[45.11,-12.796],[45.11,-12.796],[45.11,-12.796],[45.11,-12.796],[45.11,-12.796],[45.111,-12.797],[45.111,-12.797],[45.112,-12.796],[45.112,-12.796],[45.112,-12.796],[45.112,-12.796],[45.112,-12.796],[45.112,-12.796],[45.112,-12.795],[45.113,-12.795],[45.112,-12.795],[45.112,-12.794],[45.113,-12.794],[45.112,-12.794],[45.112,-12.794],[45.112,-12.793],[45.112,-12.793],[45.112,-12.793],[45.112,-12.793],[45.111,-12.793],[45.111,-12.792],[45.111,-12.792],[45.111,-12.792],[45.111,-12.792],[45.111,-12.792],[45.11,-12.792],[45.11,-12.792],[45.11,-12.792],[45.11,-12.791],[45.109,-12.791],[45.109,-12.791],[45.109,-12.791],[45.108,-12.791],[45.108,-12.791],[45.108,-12.791],[45.108,-12.791],[45.107,-12.791],[45.106,-12.791],[45.106,-12.792],[45.106,-12.792],[45.106,-12.792],[45.106,-12.792],[45.106,-12.792],[45.106,-12.792],[45.106,-12.792],[45.106,-12.793],[45.105,-12.793],[45.105,-12.793],[45.104,-12.793],[45.104,-12.793],[45.104,-12.793],[45.103,-12.793],[45.103,-12.793],[45.103,-12.793],[45.102,-12.793],[45.102,-12.793],[45.101,-12.793],[45.101,-12.793],[45.101,-12.793],[45.101,-12.793],[45.1,-12.793],[45.1,-12.792],[45.099,-12.792],[45.099,-12.792],[45.099,-12.792],[45.099,-12.792],[45.098,-12.792],[45.098,-12.792],[45.097,-12.792],[45.097,-12.792],[45.097,-12.792],[45.097,-12.792],[45.097,-12.792],[45.097,-12.791],[45.097,-12.791],[45.097,-12.791],[45.097,-12.79],[45.096,-12.79],[45.097,-12.789],[45.097,-12.789],[45.097,-12.789],[45.097,-12.788],[45.097,-12.788],[45.097,-12.788],[45.097,-12.788],[45.097,-12.787],[45.097,-12.787],[45.097,-12.787],[45.097,-12.787],[45.097,-12.787],[45.097,-12.787],[45.097,-12.786],[45.097,-12.786],[45.098,-12.786],[45.098,-12.786],[45.099,-12.786],[45.098,-12.786],[45.098,-12.785],[45.098,-12.785],[45.098,-12.785],[45.098,-12.784],[45.098,-12.784],[45.098,-12.784],[45.097,-12.784],[45.097,-12.784],[45.097,-12.785],[45.097,-12.785],[45.097,-12.785],[45.096,-12.785],[45.096,-12.786],[45.096,-12.786],[45.096,-12.786],[45.096,-12.786],[45.096,-12.786],[45.096,-12.787],[45.096,-12.787],[45.096,-12.787],[45.096,-12.787],[45.096,-12.786],[45.095,-12.786],[45.095,-12.786],[45.095,-12.785],[45.095,-12.785],[45.094,-12.785],[45.094,-12.785],[45.094,-12.784],[45.094,-12.785],[45.094,-12.784],[45.094,-12.784],[45.094,-12.784],[45.095,-12.785],[45.095,-12.785],[45.095,-12.784],[45.095,-12.784],[45.096,-12.784],[45.096,-12.784],[45.096,-12.784],[45.096,-12.784],[45.097,-12.783],[45.097,-12.783],[45.097,-12.783],[45.097,-12.783],[45.098,-12.783],[45.098,-12.783],[45.098,-12.783],[45.098,-12.783],[45.098,-12.783],[45.098,-12.782],[45.098,-12.782],[45.099,-12.782],[45.099,-12.782],[45.099,-12.782],[45.099,-12.782],[45.099,-12.781],[45.1,-12.781],[45.1,-12.781],[45.1,-12.781],[45.101,-12.781],[45.101,-12.781],[45.101,-12.781],[45.101,-12.781],[45.101,-12.781],[45.102,-12.781],[45.102,-12.78],[45.102,-12.78],[45.102,-12.78],[45.102,-12.779],[45.101,-12.779],[45.101,-12.778],[45.101,-12.778],[45.101,-12.778],[45.101,-12.778],[45.102,-12.778],[45.102,-12.777],[45.102,-12.777],[45.102,-12.777],[45.102,-12.776],[45.102,-12.775],[45.101,-12.775],[45.101,-12.775],[45.101,-12.774],[45.101,-12.774],[45.102,-12.774],[45.102,-12.773],[45.103,-12.774],[45.103,-12.773],[45.103,-12.773],[45.103,-12.772],[45.103,-12.772],[45.103,-12.771],[45.103,-12.771],[45.103,-12.771],[45.103,-12.77],[45.102,-12.77],[45.102,-12.77],[45.102,-12.77],[45.102,-12.769],[45.102,-12.769],[45.102,-12.769],[45.102,-12.769],[45.102,-12.768],[45.102,-12.768],[45.102,-12.768],[45.102,-12.768],[45.102,-12.767],[45.102,-12.767],[45.102,-12.767],[45.103,-12.767],[45.102,-12.767],[45.102,-12.767],[45.102,-12.767],[45.102,-12.767],[45.102,-12.767],[45.102,-12.766],[45.102,-12.766],[45.102,-12.766],[45.102,-12.766],[45.101,-12.766],[45.101,-12.766],[45.101,-12.766],[45.1,-12.765],[45.1,-12.765],[45.099,-12.765],[45.099,-12.765],[45.099,-12.765],[45.098,-12.766],[45.098,-12.766],[45.098,-12.766],[45.097,-12.766],[45.097,-12.767],[45.097,-12.767],[45.097,-12.767],[45.097,-12.766],[45.096,-12.767],[45.096,-12.766],[45.096,-12.766],[45.095,-12.766],[45.095,-12.766],[45.094,-12.766],[45.094,-12.767],[45.094,-12.767],[45.095,-12.767],[45.095,-12.768],[45.095,-12.768],[45.095,-12.768],[45.095,-12.768],[45.095,-12.768],[45.095,-12.768],[45.095,-12.768],[45.095,-12.768],[45.095,-12.768],[45.095,-12.769],[45.095,-12.769],[45.095,-12.769],[45.095,-12.77],[45.095,-12.77],[45.094,-12.771],[45.094,-12.771],[45.094,-12.771],[45.093,-12.771],[45.093,-12.771],[45.093,-12.771],[45.092,-12.771],[45.092,-12.771],[45.092,-12.771],[45.092,-12.771],[45.092,-12.771],[45.092,-12.77],[45.092,-12.77],[45.092,-12.77],[45.092,-12.77],[45.091,-12.769],[45.091,-12.769],[45.091,-12.769],[45.09,-12.768],[45.09,-12.768],[45.089,-12.768],[45.089,-12.768],[45.089,-12.767],[45.088,-12.767],[45.088,-12.767],[45.088,-12.767],[45.088,-12.766],[45.087,-12.766],[45.087,-12.766],[45.087,-12.765],[45.087,-12.765],[45.087,-12.765],[45.087,-12.765],[45.087,-12.765],[45.087,-12.765],[45.086,-12.765],[45.085,-12.765],[45.085,-12.765],[45.085,-12.765],[45.084,-12.765],[45.084,-12.765],[45.083,-12.765],[45.083,-12.764],[45.082,-12.764],[45.081,-12.764],[45.081,-12.764],[45.081,-12.764],[45.08,-12.765],[45.08,-12.765],[45.08,-12.765],[45.08,-12.765],[45.08,-12.766],[45.08,-12.766],[45.08,-12.766],[45.079,-12.766],[45.079,-12.767],[45.079,-12.767],[45.078,-12.767],[45.078,-12.767],[45.078,-12.767],[45.078,-12.767],[45.078,-12.767],[45.077,-12.767],[45.077,-12.767],[45.077,-12.767],[45.076,-12.766],[45.076,-12.766],[45.076,-12.766],[45.075,-12.766],[45.075,-12.766],[45.075,-12.766],[45.075,-12.765],[45.075,-12.765],[45.074,-12.765],[45.074,-12.765],[45.074,-12.765],[45.074,-12.765],[45.074,-12.764],[45.074,-12.764],[45.074,-12.764],[45.074,-12.763],[45.073,-12.763],[45.073,-12.762],[45.073,-12.762],[45.072,-12.762],[45.072,-12.761],[45.072,-12.762],[45.071,-12.761],[45.071,-12.761],[45.071,-12.761],[45.071,-12.761],[45.07,-12.76],[45.07,-12.76],[45.07,-12.76],[45.069,-12.76],[45.069,-12.759],[45.069,-12.759],[45.069,-12.759],[45.069,-12.759],[45.068,-12.759],[45.068,-12.758],[45.067,-12.758],[45.067,-12.758],[45.067,-12.758],[45.066,-12.758],[45.066,-12.758],[45.066,-12.758],[45.066,-12.757],[45.065,-12.757],[45.065,-12.757],[45.065,-12.757],[45.065,-12.757],[45.065,-12.756],[45.065,-12.756],[45.065,-12.755],[45.064,-12.755],[45.064,-12.755],[45.064,-12.755],[45.064,-12.754],[45.064,-12.754],[45.063,-12.753],[45.063,-12.753],[45.063,-12.753],[45.063,-12.753],[45.063,-12.752],[45.062,-12.752],[45.062,-12.752],[45.062,-12.752],[45.062,-12.751],[45.062,-12.752],[45.062,-12.752],[45.061,-12.751],[45.06,-12.751],[45.06,-12.751],[45.06,-12.751],[45.06,-12.751],[45.06,-12.751],[45.059,-12.751],[45.059,-12.751],[45.059,-12.751],[45.059,-12.751],[45.059,-12.752],[45.058,-12.752],[45.057,-12.751],[45.057,-12.751],[45.057,-12.751],[45.057,-12.751],[45.057,-12.751],[45.057,-12.751],[45.057,-12.751],[45.057,-12.751],[45.056,-12.751],[45.056,-12.752],[45.055,-12.752],[45.055,-12.752],[45.055,-12.752],[45.054,-12.752],[45.054,-12.752],[45.054,-12.753],[45.054,-12.753],[45.054,-12.754],[45.054,-12.754],[45.054,-12.755],[45.053,-12.755],[45.053,-12.755],[45.053,-12.755],[45.053,-12.756],[45.052,-12.756],[45.052,-12.756],[45.052,-12.756],[45.052,-12.756],[45.052,-12.756],[45.051,-12.756],[45.051,-12.756],[45.051,-12.756],[45.051,-12.755],[45.051,-12.755],[45.051,-12.755],[45.051,-12.754],[45.05,-12.754],[45.05,-12.753],[45.05,-12.753],[45.05,-12.753],[45.05,-12.753],[45.05,-12.752],[45.05,-12.752],[45.049,-12.751],[45.049,-12.751],[45.049,-12.751],[45.048,-12.751],[45.048,-12.751],[45.048,-12.751],[45.048,-12.752],[45.047,-12.752],[45.047,-12.751],[45.046,-12.751],[45.046,-12.751],[45.046,-12.751],[45.045,-12.75],[45.045,-12.75],[45.045,-12.75],[45.045,-12.75],[45.045,-12.75],[45.045,-12.75],[45.045,-12.749],[45.045,-12.75],[45.044,-12.75],[45.044,-12.749],[45.044,-12.749],[45.044,-12.749],[45.044,-12.749],[45.044,-12.749],[45.043,-12.748],[45.043,-12.748],[45.043,-12.748],[45.043,-12.748],[45.043,-12.748],[45.043,-12.747],[45.043,-12.747],[45.043,-12.747],[45.042,-12.746],[45.042,-12.746],[45.042,-12.746],[45.042,-12.746],[45.043,-12.745],[45.042,-12.745],[45.042,-12.745],[45.043,-12.744],[45.043,-12.744],[45.043,-12.744],[45.043,-12.744],[45.044,-12.743],[45.044,-12.743],[45.044,-12.743],[45.044,-12.743],[45.045,-12.742],[45.045,-12.742],[45.045,-12.742],[45.046,-12.741],[45.046,-12.741],[45.046,-12.741],[45.046,-12.741],[45.046,-12.74],[45.046,-12.74],[45.046,-12.74],[45.047,-12.74],[45.048,-12.739],[45.048,-12.739],[45.049,-12.739],[45.05,-12.739],[45.05,-12.739],[45.051,-12.739],[45.051,-12.738],[45.051,-12.738],[45.052,-12.737],[45.053,-12.737],[45.053,-12.736],[45.053,-12.736],[45.054,-12.735],[45.054,-12.735],[45.054,-12.735],[45.054,-12.734],[45.055,-12.733],[45.055,-12.733],[45.055,-12.733],[45.055,-12.732],[45.056,-12.732],[45.056,-12.732],[45.056,-12.731],[45.057,-12.731],[45.056,-12.73],[45.057,-12.73],[45.057,-12.73],[45.057,-12.729],[45.057,-12.729],[45.057,-12.729],[45.057,-12.729],[45.058,-12.728],[45.058,-12.728],[45.058,-12.728],[45.058,-12.727],[45.058,-12.727],[45.058,-12.727],[45.057,-12.726],[45.057,-12.726],[45.057,-12.725],[45.057,-12.725],[45.057,-12.725],[45.057,-12.725],[45.057,-12.725],[45.056,-12.725],[45.056,-12.724],[45.055,-12.723],[45.055,-12.723],[45.055,-12.723],[45.054,-12.723],[45.054,-12.723],[45.054,-12.723],[45.053,-12.723],[45.053,-12.723],[45.053,-12.724],[45.052,-12.724],[45.052,-12.724],[45.052,-12.724],[45.052,-12.723],[45.051,-12.723],[45.051,-12.723],[45.05,-12.723],[45.05,-12.722],[45.049,-12.722],[45.049,-12.722],[45.048,-12.723],[45.048,-12.723],[45.047,-12.723],[45.046,-12.723],[45.045,-12.723],[45.045,-12.723],[45.045,-12.723],[45.044,-12.723],[45.044,-12.723],[45.044,-12.723],[45.043,-12.723],[45.043,-12.723],[45.043,-12.723],[45.042,-12.724],[45.042,-12.724],[45.041,-12.723],[45.041,-12.723],[45.04,-12.723],[45.04,-12.723],[45.04,-12.723],[45.04,-12.723],[45.04,-12.722],[45.04,-12.722],[45.04,-12.722],[45.04,-12.722],[45.041,-12.722],[45.041,-12.722],[45.041,-12.722],[45.042,-12.722],[45.042,-12.722],[45.042,-12.722],[45.043,-12.722],[45.043,-12.721],[45.043,-12.721],[45.043,-12.721],[45.044,-12.72],[45.044,-12.72],[45.044,-12.72],[45.044,-12.72],[45.044,-12.719],[45.045,-12.719],[45.045,-12.718],[45.045,-12.718],[45.045,-12.718],[45.046,-12.718],[45.046,-12.718],[45.046,-12.718],[45.046,-12.717],[45.046,-12.717],[45.047,-12.717],[45.047,-12.717],[45.048,-12.716],[45.048,-12.716],[45.048,-12.715],[45.048,-12.715],[45.048,-12.715],[45.048,-12.714],[45.048,-12.714],[45.048,-12.714],[45.048,-12.714],[45.049,-12.713],[45.049,-12.713],[45.049,-12.713],[45.049,-12.713],[45.05,-12.712],[45.05,-12.712],[45.05,-12.712],[45.05,-12.711],[45.05,-12.711],[45.05,-12.711],[45.05,-12.711],[45.05,-12.711],[45.05,-12.71],[45.05,-12.71],[45.051,-12.71],[45.051,-12.709],[45.051,-12.709],[45.051,-12.709],[45.051,-12.708],[45.051,-12.708],[45.052,-12.707],[45.051,-12.707],[45.051,-12.707],[45.051,-12.707],[45.051,-12.706],[45.051,-12.706],[45.051,-12.706],[45.051,-12.706],[45.051,-12.705],[45.05,-12.705],[45.05,-12.705],[45.05,-12.705],[45.05,-12.705],[45.05,-12.705],[45.05,-12.705],[45.05,-12.704],[45.049,-12.704],[45.049,-12.704],[45.049,-12.704],[45.05,-12.704],[45.05,-12.704],[45.05,-12.703],[45.05,-12.703],[45.05,-12.702],[45.05,-12.702],[45.051,-12.702],[45.051,-12.702],[45.051,-12.702],[45.051,-12.702],[45.052,-12.702],[45.052,-12.701],[45.052,-12.701],[45.052,-12.701],[45.052,-12.701],[45.052,-12.7],[45.052,-12.7],[45.052,-12.7],[45.052,-12.7],[45.053,-12.7],[45.053,-12.7],[45.053,-12.7],[45.054,-12.7],[45.054,-12.7],[45.054,-12.701],[45.054,-12.701],[45.055,-12.701],[45.055,-12.701],[45.055,-12.701],[45.056,-12.701],[45.056,-12.701],[45.056,-12.701],[45.057,-12.701],[45.057,-12.701],[45.058,-12.702],[45.058,-12.701],[45.058,-12.701],[45.059,-12.701],[45.059,-12.701],[45.059,-12.701],[45.06,-12.701],[45.06,-12.701],[45.06,-12.701],[45.06,-12.701],[45.061,-12.701],[45.061,-12.701],[45.061,-12.701],[45.061,-12.701],[45.062,-12.702],[45.062,-12.702],[45.062,-12.702],[45.062,-12.702],[45.063,-12.702],[45.063,-12.701],[45.064,-12.701],[45.064,-12.701],[45.064,-12.7],[45.064,-12.7],[45.065,-12.7],[45.065,-12.7],[45.065,-12.7],[45.066,-12.7],[45.066,-12.7],[45.067,-12.7],[45.067,-12.699],[45.067,-12.699],[45.067,-12.699],[45.067,-12.699],[45.068,-12.698],[45.068,-12.698],[45.068,-12.698],[45.069,-12.697],[45.069,-12.697],[45.069,-12.696],[45.069,-12.696],[45.069,-12.696],[45.069,-12.695],[45.068,-12.695],[45.068,-12.695],[45.068,-12.695],[45.068,-12.695],[45.067,-12.694],[45.067,-12.694],[45.067,-12.694],[45.068,-12.694],[45.068,-12.694],[45.068,-12.694],[45.069,-12.694],[45.069,-12.695],[45.069,-12.695],[45.07,-12.695],[45.07,-12.695],[45.07,-12.695],[45.071,-12.695],[45.071,-12.694],[45.071,-12.694],[45.071,-12.694],[45.072,-12.693],[45.072,-12.693],[45.072,-12.693],[45.072,-12.692],[45.072,-12.692],[45.073,-12.692],[45.073,-12.691],[45.073,-12.691],[45.073,-12.69],[45.073,-12.69],[45.073,-12.689],[45.074,-12.688],[45.074,-12.688],[45.073,-12.687],[45.073,-12.686],[45.073,-12.686],[45.073,-12.686],[45.073,-12.685],[45.073,-12.685],[45.072,-12.685],[45.072,-12.685],[45.072,-12.685],[45.071,-12.684],[45.071,-12.684],[45.071,-12.684],[45.071,-12.684],[45.07,-12.684],[45.07,-12.684],[45.07,-12.684],[45.069,-12.684],[45.069,-12.684],[45.069,-12.684],[45.068,-12.684],[45.068,-12.683],[45.068,-12.683],[45.067,-12.683],[45.067,-12.683],[45.067,-12.683],[45.067,-12.682],[45.067,-12.682],[45.067,-12.682],[45.067,-12.682],[45.066,-12.682],[45.066,-12.682],[45.066,-12.681],[45.067,-12.681],[45.067,-12.681],[45.067,-12.681],[45.067,-12.681],[45.067,-12.681],[45.068,-12.682],[45.068,-12.682],[45.069,-12.682],[45.069,-12.682],[45.07,-12.682],[45.07,-12.682],[45.071,-12.683],[45.072,-12.683],[45.072,-12.683],[45.072,-12.683],[45.073,-12.683],[45.073,-12.683],[45.073,-12.684],[45.074,-12.683],[45.075,-12.683],[45.076,-12.683],[45.076,-12.683],[45.076,-12.683],[45.076,-12.684],[45.077,-12.684],[45.077,-12.684],[45.077,-12.684],[45.078,-12.683],[45.078,-12.683],[45.08,-12.682],[45.08,-12.682],[45.08,-12.682],[45.081,-12.681],[45.081,-12.681],[45.081,-12.681],[45.082,-12.681],[45.082,-12.68],[45.082,-12.68],[45.083,-12.68],[45.083,-12.679],[45.083,-12.679],[45.083,-12.679],[45.083,-12.678],[45.083,-12.678],[45.083,-12.677],[45.083,-12.677],[45.083,-12.677],[45.083,-12.676],[45.082,-12.676],[45.082,-12.676],[45.082,-12.675],[45.082,-12.675],[45.082,-12.675],[45.082,-12.675],[45.082,-12.675],[45.082,-12.674],[45.082,-12.674],[45.082,-12.674],[45.083,-12.673],[45.083,-12.673],[45.083,-12.673],[45.082,-12.673],[45.082,-12.672],[45.082,-12.672],[45.082,-12.672],[45.083,-12.671],[45.083,-12.671],[45.083,-12.671],[45.083,-12.671],[45.084,-12.671],[45.084,-12.671],[45.084,-12.671],[45.084,-12.671],[45.085,-12.671],[45.085,-12.67],[45.086,-12.67],[45.086,-12.67],[45.086,-12.67],[45.086,-12.669],[45.086,-12.669],[45.086,-12.669],[45.085,-12.669],[45.085,-12.669],[45.085,-12.668],[45.085,-12.668],[45.085,-12.668],[45.086,-12.668],[45.086,-12.668],[45.085,-12.667],[45.086,-12.667],[45.086,-12.666],[45.086,-12.666],[45.087,-12.666],[45.087,-12.666],[45.087,-12.666],[45.088,-12.666],[45.088,-12.666],[45.088,-12.666],[45.089,-12.666],[45.089,-12.666],[45.089,-12.666],[45.09,-12.666],[45.09,-12.666],[45.091,-12.665],[45.091,-12.665],[45.091,-12.665],[45.091,-12.665],[45.092,-12.665],[45.092,-12.665],[45.092,-12.665],[45.092,-12.664],[45.092,-12.664],[45.093,-12.664],[45.093,-12.663],[45.093,-12.663],[45.094,-12.662],[45.094,-12.662],[45.093,-12.662],[45.094,-12.661],[45.094,-12.661],[45.094,-12.66],[45.094,-12.66],[45.093,-12.66],[45.093,-12.66],[45.093,-12.659],[45.093,-12.659],[45.093,-12.659],[45.093,-12.658],[45.093,-12.658],[45.093,-12.657],[45.093,-12.657],[45.093,-12.657],[45.093,-12.658],[45.093,-12.658],[45.094,-12.658],[45.094,-12.658],[45.094,-12.659],[45.095,-12.659],[45.095,-12.659],[45.095,-12.659],[45.095,-12.659],[45.095,-12.659],[45.096,-12.659],[45.097,-12.659],[45.097,-12.659],[45.098,-12.658],[45.098,-12.658],[45.099,-12.658],[45.099,-12.657],[45.099,-12.657],[45.099,-12.657],[45.1,-12.657],[45.1,-12.657],[45.101,-12.657],[45.101,-12.657],[45.101,-12.656],[45.101,-12.656],[45.102,-12.656],[45.102,-12.656],[45.102,-12.655],[45.102,-12.655],[45.102,-12.655],[45.102,-12.655],[45.102,-12.654],[45.102,-12.654],[45.103,-12.654],[45.103,-12.654],[45.103,-12.654],[45.103,-12.654],[45.104,-12.654],[45.104,-12.653],[45.104,-12.653],[45.104,-12.653],[45.104,-12.652],[45.104,-12.652],[45.105,-12.652],[45.105,-12.651],[45.105,-12.651],[45.105,-12.651],[45.105,-12.651],[45.105,-12.651],[45.105,-12.651],[45.106,-12.651],[45.106,-12.652],[45.106,-12.651],[45.106,-12.652],[45.107,-12.652],[45.107,-12.652],[45.107,-12.653],[45.107,-12.653],[45.107,-12.653],[45.106,-12.653],[45.106,-12.653],[45.105,-12.654],[45.105,-12.654],[45.105,-12.654],[45.105,-12.654],[45.104,-12.654],[45.104,-12.655],[45.103,-12.655],[45.103,-12.656],[45.103,-12.656],[45.103,-12.656],[45.103,-12.657],[45.102,-12.657],[45.103,-12.657],[45.103,-12.657],[45.103,-12.658],[45.102,-12.658],[45.102,-12.658],[45.102,-12.659],[45.102,-12.659],[45.102,-12.659],[45.102,-12.659],[45.102,-12.66],[45.102,-12.66],[45.102,-12.66],[45.103,-12.661],[45.103,-12.661],[45.103,-12.661],[45.104,-12.661],[45.104,-12.661],[45.104,-12.662],[45.105,-12.662],[45.105,-12.662],[45.105,-12.662],[45.106,-12.662],[45.106,-12.662],[45.105,-12.662],[45.105,-12.662],[45.105,-12.662],[45.105,-12.662],[45.104,-12.663],[45.104,-12.663],[45.104,-12.663],[45.104,-12.662],[45.103,-12.662],[45.102,-12.663],[45.102,-12.663],[45.101,-12.663],[45.101,-12.663],[45.1,-12.663],[45.1,-12.663],[45.1,-12.663],[45.099,-12.663],[45.099,-12.663],[45.098,-12.664],[45.098,-12.664],[45.097,-12.664],[45.097,-12.664],[45.096,-12.665],[45.096,-12.665],[45.095,-12.665],[45.095,-12.665],[45.094,-12.665],[45.093,-12.666],[45.093,-12.666],[45.092,-12.667],[45.092,-12.667],[45.092,-12.667],[45.091,-12.667],[45.091,-12.667],[45.09,-12.667],[45.09,-12.668],[45.09,-12.668],[45.089,-12.668],[45.089,-12.668],[45.089,-12.669],[45.088,-12.669],[45.088,-12.67],[45.088,-12.67],[45.088,-12.67],[45.088,-12.67],[45.088,-12.671],[45.089,-12.671],[45.089,-12.671],[45.089,-12.671],[45.089,-12.671],[45.09,-12.672],[45.09,-12.672],[45.09,-12.672],[45.09,-12.672],[45.091,-12.672],[45.092,-12.672],[45.092,-12.672],[45.092,-12.672],[45.093,-12.672],[45.093,-12.672],[45.094,-12.672],[45.095,-12.673],[45.095,-12.673],[45.096,-12.673],[45.097,-12.673],[45.097,-12.673],[45.097,-12.673],[45.097,-12.673],[45.097,-12.674],[45.097,-12.674],[45.097,-12.674],[45.097,-12.674],[45.098,-12.675],[45.098,-12.675],[45.099,-12.676],[45.099,-12.676],[45.1,-12.676],[45.1,-12.675],[45.101,-12.676],[45.101,-12.676],[45.102,-12.676],[45.102,-12.676],[45.102,-12.677],[45.103,-12.677],[45.103,-12.677],[45.103,-12.677],[45.104,-12.677],[45.104,-12.676],[45.105,-12.676],[45.105,-12.677],[45.105,-12.677],[45.105,-12.677],[45.105,-12.677],[45.104,-12.677],[45.104,-12.677],[45.104,-12.678],[45.104,-12.678],[45.103,-12.679],[45.103,-12.679],[45.103,-12.679],[45.102,-12.68],[45.101,-12.68],[45.101,-12.68],[45.101,-12.68],[45.101,-12.681],[45.101,-12.681],[45.101,-12.681],[45.102,-12.682],[45.102,-12.682],[45.102,-12.682],[45.102,-12.682],[45.102,-12.683],[45.102,-12.683],[45.103,-12.684],[45.103,-12.684],[45.103,-12.684],[45.104,-12.683],[45.105,-12.683],[45.105,-12.683],[45.106,-12.683],[45.106,-12.683],[45.107,-12.683],[45.107,-12.683],[45.107,-12.683],[45.107,-12.683],[45.108,-12.683],[45.108,-12.683],[45.108,-12.684],[45.109,-12.685],[45.109,-12.685],[45.109,-12.686],[45.109,-12.686],[45.11,-12.686],[45.11,-12.686],[45.111,-12.686],[45.111,-12.686],[45.111,-12.686],[45.111,-12.686],[45.112,-12.686],[45.112,-12.686],[45.112,-12.687],[45.113,-12.687],[45.113,-12.688],[45.114,-12.688],[45.114,-12.688],[45.114,-12.688],[45.113,-12.689],[45.113,-12.688],[45.113,-12.689],[45.112,-12.688],[45.112,-12.688],[45.112,-12.689],[45.111,-12.689],[45.111,-12.689],[45.111,-12.689],[45.111,-12.69],[45.111,-12.69],[45.111,-12.69],[45.111,-12.691],[45.111,-12.691],[45.111,-12.691],[45.111,-12.691],[45.112,-12.692],[45.112,-12.692],[45.112,-12.692],[45.112,-12.693],[45.112,-12.693],[45.112,-12.693],[45.112,-12.693],[45.113,-12.694],[45.113,-12.695],[45.114,-12.695],[45.114,-12.695],[45.114,-12.696],[45.115,-12.696],[45.115,-12.696],[45.115,-12.696],[45.116,-12.696],[45.116,-12.696],[45.117,-12.696],[45.117,-12.696],[45.118,-12.697],[45.118,-12.697],[45.119,-12.697],[45.12,-12.698],[45.12,-12.698],[45.12,-12.698],[45.12,-12.699],[45.122,-12.699],[45.122,-12.699],[45.123,-12.699],[45.123,-12.7],[45.124,-12.7],[45.124,-12.7],[45.125,-12.7],[45.126,-12.701],[45.126,-12.701],[45.127,-12.701],[45.128,-12.701],[45.128,-12.701],[45.129,-12.701],[45.129,-12.701],[45.13,-12.701],[45.13,-12.7],[45.13,-12.7],[45.131,-12.7],[45.131,-12.701],[45.13,-12.701],[45.13,-12.702],[45.131,-12.703],[45.131,-12.703],[45.131,-12.704],[45.131,-12.704],[45.131,-12.704],[45.13,-12.704],[45.13,-12.704],[45.129,-12.704],[45.129,-12.704],[45.129,-12.703],[45.128,-12.703],[45.128,-12.703],[45.127,-12.703],[45.127,-12.703],[45.127,-12.702],[45.126,-12.702],[45.126,-12.702],[45.126,-12.702],[45.125,-12.703],[45.125,-12.703],[45.125,-12.703],[45.125,-12.703],[45.124,-12.704],[45.124,-12.704],[45.124,-12.705],[45.123,-12.705],[45.123,-12.705],[45.123,-12.705],[45.123,-12.705],[45.123,-12.706],[45.123,-12.706],[45.123,-12.706],[45.123,-12.706],[45.123,-12.706],[45.123,-12.706],[45.123,-12.706],[45.123,-12.706],[45.123,-12.707],[45.123,-12.707],[45.123,-12.708],[45.123,-12.708],[45.123,-12.708],[45.123,-12.708],[45.123,-12.708],[45.124,-12.709],[45.123,-12.709],[45.124,-12.709],[45.124,-12.71],[45.124,-12.71],[45.124,-12.711],[45.124,-12.712],[45.124,-12.712],[45.125,-12.712],[45.125,-12.712],[45.126,-12.712],[45.126,-12.712],[45.127,-12.713],[45.127,-12.713],[45.127,-12.713],[45.128,-12.714],[45.128,-12.714],[45.128,-12.714],[45.129,-12.715],[45.129,-12.715],[45.13,-12.715],[45.13,-12.716],[45.13,-12.716],[45.13,-12.717],[45.13,-12.717],[45.13,-12.717],[45.13,-12.718],[45.13,-12.718],[45.13,-12.718],[45.13,-12.718],[45.13,-12.719],[45.129,-12.719],[45.129,-12.719],[45.129,-12.72],[45.129,-12.72],[45.13,-12.721],[45.131,-12.722],[45.131,-12.722],[45.132,-12.721],[45.132,-12.721],[45.131,-12.722],[45.131,-12.722],[45.131,-12.722],[45.131,-12.722],[45.13,-12.722],[45.13,-12.722],[45.13,-12.722],[45.129,-12.722],[45.129,-12.723],[45.128,-12.723],[45.128,-12.723],[45.128,-12.723],[45.128,-12.723],[45.127,-12.723],[45.127,-12.723],[45.127,-12.723],[45.126,-12.723],[45.126,-12.723],[45.125,-12.724],[45.125,-12.724],[45.125,-12.723],[45.124,-12.723],[45.124,-12.723],[45.124,-12.723],[45.123,-12.723],[45.123,-12.723],[45.122,-12.723],[45.122,-12.723],[45.122,-12.723],[45.122,-12.723],[45.122,-12.723],[45.122,-12.723],[45.121,-12.723],[45.121,-12.723],[45.122,-12.723],[45.122,-12.723],[45.122,-12.723],[45.122,-12.723],[45.123,-12.723],[45.123,-12.723],[45.123,-12.723],[45.123,-12.723],[45.124,-12.723],[45.124,-12.723],[45.124,-12.723],[45.125,-12.723],[45.125,-12.724],[45.125,-12.724],[45.125,-12.724],[45.126,-12.723],[45.126,-12.723],[45.127,-12.723],[45.127,-12.724],[45.128,-12.724],[45.127,-12.724],[45.127,-12.724],[45.127,-12.724],[45.127,-12.724],[45.126,-12.724],[45.126,-12.724],[45.126,-12.724],[45.126,-12.725],[45.126,-12.725],[45.126,-12.726],[45.126,-12.726],[45.126,-12.726],[45.126,-12.726],[45.125,-12.727],[45.126,-12.727],[45.126,-12.728],[45.127,-12.728],[45.128,-12.728],[45.128,-12.728],[45.129,-12.728],[45.129,-12.727],[45.129,-12.727],[45.13,-12.727],[45.13,-12.728],[45.13,-12.728],[45.13,-12.729],[45.13,-12.729],[45.13,-12.729],[45.13,-12.73],[45.13,-12.73],[45.131,-12.731],[45.131,-12.731],[45.131,-12.731],[45.131,-12.731],[45.131,-12.73],[45.132,-12.73],[45.132,-12.73],[45.132,-12.73],[45.132,-12.73],[45.133,-12.731],[45.134,-12.731],[45.134,-12.731],[45.134,-12.731],[45.134,-12.731],[45.135,-12.731],[45.135,-12.731],[45.135,-12.731],[45.136,-12.731],[45.136,-12.731],[45.137,-12.731],[45.137,-12.731],[45.137,-12.731],[45.137,-12.731],[45.138,-12.731],[45.138,-12.732],[45.137,-12.732],[45.137,-12.732],[45.137,-12.733],[45.138,-12.733],[45.138,-12.733],[45.138,-12.733],[45.138,-12.733],[45.138,-12.733],[45.138,-12.733],[45.139,-12.733],[45.139,-12.733],[45.139,-12.733],[45.139,-12.733],[45.139,-12.733],[45.14,-12.733],[45.14,-12.733],[45.14,-12.733],[45.139,-12.734],[45.14,-12.734],[45.14,-12.734],[45.14,-12.734],[45.14,-12.735],[45.14,-12.734],[45.141,-12.735],[45.14,-12.734],[45.14,-12.734],[45.14,-12.734],[45.14,-12.734],[45.14,-12.734],[45.14,-12.734],[45.14,-12.734],[45.14,-12.733],[45.14,-12.733],[45.139,-12.733],[45.139,-12.733],[45.139,-12.733],[45.139,-12.733],[45.139,-12.733],[45.139,-12.732],[45.138,-12.732],[45.138,-12.733],[45.138,-12.733],[45.138,-12.733],[45.138,-12.733],[45.138,-12.733],[45.138,-12.732],[45.138,-12.732],[45.138,-12.732],[45.138,-12.732],[45.138,-12.732],[45.139,-12.732],[45.139,-12.732],[45.139,-12.733],[45.14,-12.733],[45.14,-12.733],[45.14,-12.733],[45.141,-12.733],[45.141,-12.733],[45.142,-12.733],[45.142,-12.734],[45.142,-12.733],[45.142,-12.733],[45.142,-12.733],[45.142,-12.733],[45.143,-12.733],[45.143,-12.732],[45.143,-12.732],[45.144,-12.732],[45.144,-12.732],[45.144,-12.732],[45.144,-12.731],[45.144,-12.731],[45.144,-12.731],[45.144,-12.73],[45.144,-12.73],[45.144,-12.729],[45.144,-12.729],[45.143,-12.729],[45.143,-12.729],[45.142,-12.729],[45.142,-12.729],[45.142,-12.729],[45.141,-12.729],[45.141,-12.729],[45.14,-12.729],[45.14,-12.729],[45.141,-12.729],[45.141,-12.729],[45.141,-12.728],[45.141,-12.728],[45.141,-12.728],[45.142,-12.728],[45.142,-12.728],[45.143,-12.728],[45.143,-12.728],[45.144,-12.729],[45.144,-12.729],[45.145,-12.729],[45.145,-12.729],[45.145,-12.728],[45.145,-12.728],[45.146,-12.728],[45.146,-12.728],[45.146,-12.728],[45.147,-12.728],[45.147,-12.728],[45.147,-12.728],[45.147,-12.728],[45.148,-12.728],[45.148,-12.728],[45.148,-12.728],[45.148,-12.728],[45.149,-12.729],[45.149,-12.729],[45.15,-12.729],[45.15,-12.729],[45.151,-12.729],[45.151,-12.729],[45.151,-12.729],[45.151,-12.73],[45.15,-12.73],[45.15,-12.73],[45.15,-12.73],[45.15,-12.731],[45.15,-12.731],[45.15,-12.731],[45.15,-12.731],[45.15,-12.731],[45.15,-12.732],[45.15,-12.732],[45.15,-12.732],[45.15,-12.733],[45.15,-12.733],[45.15,-12.733],[45.15,-12.733],[45.15,-12.733],[45.15,-12.734],[45.151,-12.734],[45.151,-12.734],[45.151,-12.735],[45.151,-12.735],[45.151,-12.735],[45.152,-12.735],[45.153,-12.736],[45.153,-12.736],[45.153,-12.736],[45.153,-12.736],[45.153,-12.736],[45.154,-12.737],[45.154,-12.737],[45.155,-12.737],[45.155,-12.736],[45.156,-12.736],[45.156,-12.736],[45.157,-12.736],[45.157,-12.735],[45.157,-12.735],[45.158,-12.735],[45.158,-12.735],[45.159,-12.735],[45.159,-12.734],[45.159,-12.734],[45.159,-12.734],[45.16,-12.733],[45.16,-12.733],[45.16,-12.733],[45.16,-12.732],[45.16,-12.732],[45.161,-12.733],[45.161,-12.732],[45.161,-12.732],[45.162,-12.732],[45.162,-12.732],[45.161,-12.732],[45.161,-12.732],[45.161,-12.731],[45.162,-12.731],[45.162,-12.731],[45.162,-12.731],[45.162,-12.731],[45.162,-12.73],[45.162,-12.73],[45.162,-12.73],[45.162,-12.729],[45.162,-12.729],[45.162,-12.728],[45.162,-12.728],[45.162,-12.728],[45.162,-12.728],[45.163,-12.727],[45.163,-12.727],[45.163,-12.727],[45.163,-12.727],[45.163,-12.727],[45.163,-12.727],[45.164,-12.727],[45.165,-12.726],[45.165,-12.726],[45.165,-12.726],[45.165,-12.726],[45.166,-12.726],[45.165,-12.725],[45.165,-12.725],[45.164,-12.725],[45.164,-12.725],[45.164,-12.724],[45.163,-12.724],[45.163,-12.723],[45.164,-12.723],[45.166,-12.723],[45.165,-12.724],[45.166,-12.724],[45.166,-12.724],[45.166,-12.724],[45.167,-12.724],[45.167,-12.724],[45.167,-12.723],[45.167,-12.722],[45.167,-12.722],[45.167,-12.722],[45.167,-12.722],[45.166,-12.722],[45.165,-12.721],[45.165,-12.722],[45.165,-12.722],[45.165,-12.721],[45.165,-12.721],[45.165,-12.721],[45.164,-12.721],[45.164,-12.721],[45.164,-12.72],[45.164,-12.72],[45.164,-12.72],[45.164,-12.72],[45.164,-12.719],[45.165,-12.719],[45.165,-12.719],[45.165,-12.719],[45.165,-12.718],[45.166,-12.718],[45.166,-12.718],[45.166,-12.718],[45.166,-12.717],[45.166,-12.718],[45.166,-12.718],[45.167,-12.719],[45.167,-12.719],[45.168,-12.72],[45.168,-12.721],[45.169,-12.721],[45.169,-12.722],[45.17,-12.723],[45.17,-12.723],[45.17,-12.723],[45.17,-12.723],[45.17,-12.724],[45.17,-12.724],[45.17,-12.725],[45.17,-12.725],[45.17,-12.726],[45.171,-12.726],[45.171,-12.726],[45.171,-12.726],[45.172,-12.727],[45.172,-12.727],[45.172,-12.727],[45.172,-12.727],[45.173,-12.727],[45.173,-12.727],[45.173,-12.727],[45.174,-12.728],[45.174,-12.728],[45.174,-12.728],[45.175,-12.729],[45.175,-12.729],[45.175,-12.729],[45.175,-12.729],[45.176,-12.729],[45.176,-12.729],[45.176,-12.729],[45.177,-12.73],[45.177,-12.73],[45.177,-12.73],[45.177,-12.73],[45.178,-12.73],[45.178,-12.73],[45.179,-12.73],[45.179,-12.73],[45.18,-12.73],[45.18,-12.73],[45.18,-12.73],[45.18,-12.729],[45.18,-12.729],[45.181,-12.729],[45.181,-12.729],[45.182,-12.729],[45.182,-12.728],[45.182,-12.728],[45.182,-12.728],[45.182,-12.728],[45.182,-12.728],[45.183,-12.727],[45.183,-12.727],[45.183,-12.727],[45.184,-12.727],[45.184,-12.727],[45.185,-12.727],[45.185,-12.727],[45.185,-12.728],[45.185,-12.728],[45.185,-12.729],[45.185,-12.729],[45.186,-12.729],[45.186,-12.73],[45.186,-12.73],[45.187,-12.73],[45.187,-12.73],[45.188,-12.729],[45.188,-12.729],[45.188,-12.73],[45.188,-12.729],[45.189,-12.729],[45.189,-12.729],[45.189,-12.729],[45.19,-12.729],[45.19,-12.728],[45.19,-12.728],[45.19,-12.728],[45.19,-12.729],[45.19,-12.729],[45.191,-12.729],[45.191,-12.729],[45.191,-12.729],[45.192,-12.729],[45.192,-12.729],[45.192,-12.729],[45.193,-12.729],[45.193,-12.73],[45.193,-12.73],[45.193,-12.73],[45.193,-12.73],[45.193,-12.73],[45.194,-12.73],[45.194,-12.731],[45.194,-12.731],[45.195,-12.731],[45.195,-12.731],[45.196,-12.731],[45.196,-12.731],[45.196,-12.731],[45.196,-12.731],[45.197,-12.73],[45.197,-12.73],[45.197,-12.73],[45.197,-12.73],[45.198,-12.73],[45.198,-12.73],[45.198,-12.73],[45.198,-12.73],[45.198,-12.731],[45.198,-12.731],[45.199,-12.731],[45.199,-12.731],[45.201,-12.731],[45.201,-12.731],[45.201,-12.731],[45.201,-12.73],[45.201,-12.73],[45.202,-12.73],[45.202,-12.73],[45.202,-12.73],[45.202,-12.73],[45.202,-12.73],[45.203,-12.73],[45.203,-12.73],[45.203,-12.73],[45.204,-12.73],[45.204,-12.73],[45.204,-12.731],[45.204,-12.731],[45.205,-12.731],[45.205,-12.731],[45.206,-12.731],[45.206,-12.731],[45.206,-12.731],[45.206,-12.732],[45.206,-12.732],[45.206,-12.732],[45.206,-12.732],[45.206,-12.732],[45.207,-12.732],[45.207,-12.732],[45.207,-12.732],[45.207,-12.733],[45.207,-12.733],[45.207,-12.734],[45.206,-12.734],[45.206,-12.734],[45.207,-12.734],[45.207,-12.735],[45.207,-12.735],[45.208,-12.735],[45.209,-12.735],[45.209,-12.735],[45.209,-12.735],[45.209,-12.735],[45.209,-12.735],[45.21,-12.734],[45.21,-12.734],[45.21,-12.735],[45.21,-12.735],[45.21,-12.735],[45.21,-12.735],[45.21,-12.736],[45.211,-12.736],[45.211,-12.736],[45.211,-12.736],[45.212,-12.736],[45.212,-12.735],[45.212,-12.735],[45.212,-12.735],[45.212,-12.734],[45.212,-12.734],[45.212,-12.734],[45.212,-12.734],[45.212,-12.734],[45.213,-12.733],[45.213,-12.733],[45.213,-12.733],[45.213,-12.732],[45.213,-12.732],[45.213,-12.732],[45.213,-12.732],[45.214,-12.732],[45.214,-12.732],[45.214,-12.732],[45.214,-12.732],[45.214,-12.732],[45.214,-12.733],[45.214,-12.733],[45.214,-12.733],[45.215,-12.733],[45.215,-12.734],[45.214,-12.734],[45.214,-12.734],[45.214,-12.734],[45.214,-12.734],[45.214,-12.734],[45.214,-12.735],[45.214,-12.735],[45.214,-12.735],[45.214,-12.735],[45.214,-12.735],[45.214,-12.736],[45.214,-12.736],[45.213,-12.736],[45.213,-12.736],[45.213,-12.737],[45.213,-12.737],[45.212,-12.737],[45.212,-12.737],[45.212,-12.738],[45.212,-12.738],[45.212,-12.738],[45.212,-12.738],[45.212,-12.739],[45.212,-12.739],[45.212,-12.739],[45.213,-12.74],[45.213,-12.741],[45.213,-12.741],[45.214,-12.741],[45.215,-12.742],[45.215,-12.742],[45.216,-12.742],[45.216,-12.742],[45.216,-12.742],[45.216,-12.742],[45.217,-12.742],[45.217,-12.742],[45.218,-12.742],[45.218,-12.742],[45.218,-12.742],[45.218,-12.742],[45.219,-12.743],[45.219,-12.743],[45.219,-12.743],[45.219,-12.743],[45.219,-12.744],[45.22,-12.744],[45.221,-12.744],[45.221,-12.744],[45.222,-12.745],[45.222,-12.745],[45.222,-12.745],[45.222,-12.744],[45.223,-12.744],[45.223,-12.744],[45.224,-12.744],[45.224,-12.744],[45.225,-12.744],[45.225,-12.744],[45.225,-12.743],[45.225,-12.743],[45.225,-12.743],[45.225,-12.744],[45.226,-12.744],[45.226,-12.744],[45.226,-12.744],[45.226,-12.745],[45.226,-12.745],[45.226,-12.745],[45.226,-12.745],[45.226,-12.745],[45.226,-12.745],[45.226,-12.746],[45.227,-12.746],[45.227,-12.746],[45.227,-12.747],[45.227,-12.747],[45.228,-12.747],[45.228,-12.747],[45.228,-12.748],[45.228,-12.748],[45.228,-12.748],[45.228,-12.749],[45.228,-12.749],[45.228,-12.749],[45.228,-12.749],[45.229,-12.75],[45.229,-12.75],[45.229,-12.75],[45.23,-12.751],[45.229,-12.75],[45.229,-12.75],[45.229,-12.75],[45.23,-12.751],[45.23,-12.751],[45.23,-12.751],[45.231,-12.751],[45.231,-12.752],[45.231,-12.752],[45.232,-12.752],[45.232,-12.752],[45.232,-12.752],[45.232,-12.753],[45.233,-12.753],[45.234,-12.753],[45.234,-12.752],[45.234,-12.752],[45.234,-12.752],[45.235,-12.752],[45.235,-12.752],[45.235,-12.752],[45.235,-12.752],[45.236,-12.752],[45.236,-12.752],[45.236,-12.752],[45.236,-12.753],[45.236,-12.753],[45.236,-12.753],[45.237,-12.753],[45.237,-12.753],[45.237,-12.754],[45.237,-12.754],[45.237,-12.755],[45.236,-12.755],[45.236,-12.756],[45.235,-12.756],[45.235,-12.756],[45.235,-12.756],[45.235,-12.757],[45.235,-12.757],[45.235,-12.757],[45.236,-12.757],[45.236,-12.757],[45.236,-12.758],[45.236,-12.758],[45.236,-12.758],[45.236,-12.759],[45.236,-12.759],[45.237,-12.76],[45.237,-12.76],[45.236,-12.76],[45.237,-12.76],[45.237,-12.76],[45.237,-12.761],[45.238,-12.76],[45.238,-12.76],[45.239,-12.76],[45.239,-12.761],[45.239,-12.761],[45.239,-12.761],[45.239,-12.761],[45.24,-12.761],[45.24,-12.761],[45.24,-12.762],[45.24,-12.762],[45.24,-12.762],[45.24,-12.762],[45.24,-12.763],[45.24,-12.763],[45.24,-12.763],[45.239,-12.763],[45.239,-12.763],[45.239,-12.763],[45.238,-12.763],[45.238,-12.763],[45.237,-12.764],[45.237,-12.764],[45.236,-12.764],[45.236,-12.764],[45.236,-12.765],[45.236,-12.765],[45.236,-12.765],[45.236,-12.766],[45.236,-12.766],[45.236,-12.766],[45.236,-12.767],[45.236,-12.767],[45.236,-12.767],[45.236,-12.767],[45.236,-12.768],[45.236,-12.768],[45.236,-12.768],[45.235,-12.769],[45.235,-12.77],[45.235,-12.77],[45.235,-12.771],[45.235,-12.771],[45.235,-12.771],[45.234,-12.771],[45.234,-12.772],[45.234,-12.773],[45.234,-12.773],[45.234,-12.773],[45.234,-12.773],[45.234,-12.773],[45.234,-12.773],[45.233,-12.773],[45.233,-12.773],[45.233,-12.773],[45.233,-12.773],[45.232,-12.773],[45.232,-12.773],[45.232,-12.773],[45.231,-12.773],[45.231,-12.773],[45.231,-12.773],[45.231,-12.774],[45.23,-12.774],[45.23,-12.773],[45.23,-12.773],[45.23,-12.773],[45.23,-12.773],[45.23,-12.773],[45.23,-12.772],[45.23,-12.772],[45.23,-12.772],[45.231,-12.772],[45.231,-12.771],[45.231,-12.771],[45.231,-12.771],[45.232,-12.771],[45.232,-12.77],[45.232,-12.77],[45.233,-12.769],[45.233,-12.769],[45.233,-12.769],[45.234,-12.769],[45.234,-12.768],[45.234,-12.768],[45.234,-12.768],[45.234,-12.767],[45.233,-12.767],[45.233,-12.767],[45.232,-12.767],[45.232,-12.767],[45.233,-12.767],[45.233,-12.766],[45.233,-12.766],[45.232,-12.764],[45.232,-12.763],[45.232,-12.763],[45.231,-12.763],[45.231,-12.762],[45.231,-12.762],[45.23,-12.762],[45.23,-12.762],[45.23,-12.762],[45.23,-12.763],[45.23,-12.763],[45.23,-12.764],[45.23,-12.764],[45.23,-12.764],[45.23,-12.765],[45.23,-12.765],[45.231,-12.765],[45.231,-12.766],[45.23,-12.766],[45.231,-12.766],[45.231,-12.766],[45.231,-12.767],[45.232,-12.767],[45.232,-12.767],[45.231,-12.767],[45.231,-12.767],[45.231,-12.767],[45.23,-12.767],[45.23,-12.767],[45.23,-12.768],[45.23,-12.768],[45.23,-12.768],[45.23,-12.768],[45.23,-12.768],[45.23,-12.769],[45.229,-12.769],[45.229,-12.769],[45.229,-12.769],[45.229,-12.769],[45.229,-12.769],[45.228,-12.768],[45.228,-12.768],[45.228,-12.768],[45.228,-12.768],[45.228,-12.768],[45.228,-12.769],[45.228,-12.769],[45.228,-12.769],[45.229,-12.769],[45.229,-12.769],[45.229,-12.769],[45.229,-12.769],[45.229,-12.769],[45.229,-12.77],[45.229,-12.77],[45.229,-12.77],[45.229,-12.77],[45.229,-12.771],[45.228,-12.771],[45.228,-12.77],[45.228,-12.77],[45.227,-12.77],[45.227,-12.77],[45.227,-12.77],[45.227,-12.771],[45.227,-12.771],[45.228,-12.771],[45.228,-12.771],[45.227,-12.771],[45.227,-12.771],[45.227,-12.771],[45.227,-12.771],[45.227,-12.772],[45.227,-12.772],[45.227,-12.772],[45.227,-12.772],[45.228,-12.773],[45.228,-12.773],[45.227,-12.773],[45.227,-12.774],[45.227,-12.774],[45.227,-12.774],[45.227,-12.774],[45.227,-12.774],[45.226,-12.774],[45.226,-12.774],[45.226,-12.774],[45.226,-12.774],[45.226,-12.774],[45.226,-12.775],[45.226,-12.775],[45.226,-12.775],[45.227,-12.775],[45.227,-12.775],[45.227,-12.775],[45.227,-12.776],[45.227,-12.776],[45.228,-12.776],[45.228,-12.775],[45.228,-12.775],[45.228,-12.775],[45.229,-12.775],[45.229,-12.775],[45.229,-12.775],[45.23,-12.775],[45.23,-12.775],[45.231,-12.775],[45.231,-12.775],[45.231,-12.775],[45.231,-12.775],[45.232,-12.775],[45.232,-12.776],[45.232,-12.776],[45.232,-12.776],[45.234,-12.776],[45.233,-12.777],[45.233,-12.777],[45.233,-12.777],[45.233,-12.777],[45.234,-12.777],[45.233,-12.777],[45.233,-12.778],[45.233,-12.778],[45.233,-12.778],[45.233,-12.778],[45.233,-12.778],[45.233,-12.779],[45.233,-12.779],[45.233,-12.779],[45.233,-12.779],[45.233,-12.779],[45.233,-12.779],[45.233,-12.779],[45.233,-12.78],[45.233,-12.78],[45.234,-12.78],[45.234,-12.781],[45.234,-12.781],[45.235,-12.781],[45.235,-12.782],[45.235,-12.782],[45.236,-12.782],[45.236,-12.781],[45.236,-12.781],[45.236,-12.781],[45.236,-12.781],[45.237,-12.781],[45.237,-12.781],[45.237,-12.781],[45.238,-12.782],[45.238,-12.782],[45.238,-12.782],[45.238,-12.782],[45.238,-12.783],[45.238,-12.783],[45.238,-12.783],[45.238,-12.783],[45.238,-12.783],[45.238,-12.784],[45.238,-12.784],[45.238,-12.784],[45.238,-12.784],[45.238,-12.785],[45.238,-12.785],[45.238,-12.785],[45.238,-12.785],[45.238,-12.785],[45.237,-12.786],[45.237,-12.786],[45.237,-12.786],[45.236,-12.786],[45.236,-12.786],[45.236,-12.786],[45.235,-12.786],[45.235,-12.786],[45.235,-12.785],[45.235,-12.785],[45.236,-12.785],[45.236,-12.785],[45.235,-12.784],[45.235,-12.784],[45.235,-12.783],[45.234,-12.783],[45.234,-12.783],[45.232,-12.784],[45.232,-12.784],[45.231,-12.784],[45.231,-12.784],[45.23,-12.784],[45.23,-12.784],[45.231,-12.784],[45.231,-12.785],[45.23,-12.785],[45.23,-12.785],[45.23,-12.786],[45.23,-12.786],[45.23,-12.786],[45.231,-12.786],[45.231,-12.786],[45.231,-12.787],[45.231,-12.787],[45.23,-12.786],[45.23,-12.786],[45.23,-12.786],[45.23,-12.786],[45.23,-12.786],[45.229,-12.786],[45.229,-12.786],[45.229,-12.786],[45.228,-12.786],[45.227,-12.786],[45.227,-12.787],[45.227,-12.787],[45.226,-12.787],[45.226,-12.787],[45.226,-12.787],[45.226,-12.788],[45.226,-12.788],[45.225,-12.788],[45.225,-12.789],[45.224,-12.789],[45.223,-12.791],[45.223,-12.791],[45.223,-12.791],[45.223,-12.791],[45.223,-12.791],[45.223,-12.791],[45.223,-12.79],[45.222,-12.79],[45.222,-12.79],[45.222,-12.79],[45.222,-12.79],[45.221,-12.79],[45.221,-12.79],[45.221,-12.79],[45.221,-12.79],[45.222,-12.79],[45.222,-12.79],[45.222,-12.791],[45.222,-12.791],[45.222,-12.791],[45.223,-12.791],[45.223,-12.791],[45.222,-12.792],[45.222,-12.792],[45.221,-12.792],[45.22,-12.793],[45.219,-12.794],[45.219,-12.794],[45.218,-12.795],[45.218,-12.795],[45.218,-12.795],[45.218,-12.795],[45.217,-12.795],[45.217,-12.795],[45.217,-12.795],[45.216,-12.795],[45.216,-12.795],[45.217,-12.795],[45.217,-12.795],[45.216,-12.796],[45.216,-12.796],[45.216,-12.796],[45.216,-12.797],[45.216,-12.797],[45.216,-12.798],[45.216,-12.799],[45.216,-12.8],[45.216,-12.8],[45.216,-12.8],[45.216,-12.8],[45.217,-12.8],[45.217,-12.8],[45.216,-12.8],[45.216,-12.801],[45.216,-12.801],[45.216,-12.801],[45.215,-12.802],[45.215,-12.802],[45.215,-12.802],[45.214,-12.802],[45.214,-12.802],[45.214,-12.802],[45.214,-12.802],[45.214,-12.802],[45.214,-12.803],[45.214,-12.803],[45.214,-12.803],[45.213,-12.803],[45.211,-12.804],[45.211,-12.805],[45.211,-12.805],[45.211,-12.805],[45.211,-12.805],[45.211,-12.805],[45.211,-12.805],[45.21,-12.806],[45.21,-12.806],[45.21,-12.807],[45.21,-12.807],[45.21,-12.806],[45.21,-12.806],[45.21,-12.806],[45.21,-12.806],[45.21,-12.806],[45.21,-12.805],[45.209,-12.806],[45.209,-12.806],[45.209,-12.806],[45.209,-12.806],[45.208,-12.807],[45.208,-12.807],[45.208,-12.807],[45.207,-12.807],[45.206,-12.808],[45.206,-12.808],[45.206,-12.808],[45.206,-12.808],[45.205,-12.808],[45.205,-12.808],[45.205,-12.808],[45.205,-12.808],[45.205,-12.809],[45.205,-12.809],[45.205,-12.809],[45.204,-12.809],[45.204,-12.809],[45.204,-12.809],[45.204,-12.809],[45.204,-12.809],[45.204,-12.809],[45.204,-12.809],[45.204,-12.81],[45.203,-12.809],[45.203,-12.81],[45.203,-12.81],[45.203,-12.81],[45.204,-12.81],[45.204,-12.81],[45.203,-12.81],[45.203,-12.81],[45.203,-12.81],[45.203,-12.811],[45.203,-12.811],[45.204,-12.811],[45.204,-12.812],[45.204,-12.812],[45.204,-12.812],[45.204,-12.813],[45.204,-12.813],[45.204,-12.813],[45.205,-12.813],[45.205,-12.813],[45.205,-12.813],[45.205,-12.812],[45.205,-12.812],[45.205,-12.813],[45.205,-12.813],[45.204,-12.813],[45.204,-12.814],[45.204,-12.814],[45.204,-12.814],[45.204,-12.814],[45.204,-12.815],[45.204,-12.815],[45.204,-12.816],[45.204,-12.816],[45.205,-12.816],[45.205,-12.816],[45.204,-12.817],[45.204,-12.817],[45.204,-12.817],[45.204,-12.818],[45.204,-12.819],[45.204,-12.819],[45.204,-12.819],[45.204,-12.819],[45.204,-12.82],[45.203,-12.82],[45.203,-12.82],[45.202,-12.82],[45.202,-12.82],[45.202,-12.82],[45.202,-12.821],[45.201,-12.821],[45.201,-12.821],[45.201,-12.821],[45.201,-12.821],[45.201,-12.82],[45.2,-12.82],[45.2,-12.821],[45.199,-12.821],[45.199,-12.822],[45.199,-12.822],[45.198,-12.822],[45.198,-12.822],[45.198,-12.822],[45.198,-12.822],[45.197,-12.822],[45.197,-12.823],[45.197,-12.823],[45.196,-12.823],[45.196,-12.823],[45.196,-12.823],[45.195,-12.823],[45.195,-12.824],[45.195,-12.824],[45.195,-12.824],[45.194,-12.825],[45.194,-12.825],[45.194,-12.826],[45.194,-12.826],[45.193,-12.827],[45.193,-12.827],[45.193,-12.828],[45.193,-12.829],[45.193,-12.829],[45.193,-12.83],[45.193,-12.83],[45.193,-12.83],[45.193,-12.83],[45.193,-12.829],[45.193,-12.828],[45.193,-12.828],[45.193,-12.828],[45.193,-12.828],[45.192,-12.829],[45.192,-12.829],[45.192,-12.829],[45.192,-12.83],[45.192,-12.83],[45.192,-12.83],[45.192,-12.83],[45.192,-12.831],[45.192,-12.831],[45.192,-12.831],[45.192,-12.831],[45.192,-12.831],[45.192,-12.831],[45.193,-12.831],[45.193,-12.831],[45.193,-12.83],[45.193,-12.83],[45.193,-12.831],[45.193,-12.831],[45.193,-12.831],[45.194,-12.831],[45.194,-12.831],[45.194,-12.831],[45.194,-12.831],[45.194,-12.831],[45.195,-12.831],[45.195,-12.831],[45.195,-12.831],[45.196,-12.831],[45.196,-12.831],[45.196,-12.831],[45.197,-12.831],[45.197,-12.83],[45.198,-12.831],[45.198,-12.831],[45.198,-12.831],[45.198,-12.831],[45.197,-12.831],[45.197,-12.831],[45.197,-12.832],[45.197,-12.832],[45.197,-12.833],[45.196,-12.833],[45.196,-12.833],[45.196,-12.834],[45.195,-12.834],[45.195,-12.834],[45.195,-12.834],[45.194,-12.834],[45.194,-12.834],[45.194,-12.834],[45.194,-12.835],[45.193,-12.835],[45.193,-12.836],[45.193,-12.836],[45.193,-12.836],[45.192,-12.837],[45.192,-12.837],[45.191,-12.837],[45.191,-12.837],[45.19,-12.837],[45.19,-12.837],[45.19,-12.837],[45.19,-12.838],[45.19,-12.838],[45.19,-12.838],[45.189,-12.839],[45.189,-12.839],[45.188,-12.839],[45.188,-12.838],[45.187,-12.838],[45.187,-12.838],[45.187,-12.838],[45.186,-12.838],[45.185,-12.838],[45.185,-12.838],[45.185,-12.839],[45.186,-12.839],[45.186,-12.839],[45.186,-12.84],[45.186,-12.841],[45.186,-12.841],[45.186,-12.841],[45.186,-12.841],[45.186,-12.842],[45.185,-12.842],[45.185,-12.842],[45.185,-12.842],[45.184,-12.842],[45.184,-12.842],[45.184,-12.842],[45.184,-12.842],[45.184,-12.842],[45.184,-12.842],[45.185,-12.842],[45.185,-12.842],[45.185,-12.842],[45.185,-12.842],[45.186,-12.842],[45.186,-12.842],[45.186,-12.842],[45.186,-12.843],[45.186,-12.843],[45.187,-12.843],[45.187,-12.844],[45.187,-12.844],[45.188,-12.844],[45.188,-12.843],[45.188,-12.843],[45.188,-12.844],[45.188,-12.844],[45.189,-12.843],[45.189,-12.843],[45.189,-12.843],[45.19,-12.843],[45.19,-12.842],[45.19,-12.842],[45.191,-12.842],[45.191,-12.843],[45.191,-12.843],[45.192,-12.843],[45.192,-12.843],[45.192,-12.843],[45.193,-12.843],[45.193,-12.844],[45.193,-12.844],[45.194,-12.844],[45.194,-12.844],[45.194,-12.844],[45.194,-12.844],[45.194,-12.845],[45.194,-12.845],[45.194,-12.845],[45.194,-12.845],[45.194,-12.846],[45.194,-12.846],[45.195,-12.846],[45.195,-12.846],[45.195,-12.846],[45.195,-12.845],[45.196,-12.845],[45.196,-12.845],[45.196,-12.845],[45.196,-12.845],[45.195,-12.846],[45.195,-12.846],[45.195,-12.846],[45.195,-12.846],[45.195,-12.847],[45.195,-12.848],[45.195,-12.848],[45.195,-12.849],[45.195,-12.85],[45.195,-12.85],[45.195,-12.85],[45.196,-12.85],[45.196,-12.851],[45.196,-12.851],[45.197,-12.851],[45.197,-12.852],[45.197,-12.853],[45.197,-12.853],[45.197,-12.854],[45.197,-12.854],[45.197,-12.854],[45.197,-12.855],[45.198,-12.855],[45.198,-12.855],[45.198,-12.855],[45.198,-12.856],[45.199,-12.856],[45.199,-12.855],[45.199,-12.855],[45.199,-12.855],[45.199,-12.854],[45.199,-12.854],[45.2,-12.854],[45.2,-12.854],[45.2,-12.854],[45.201,-12.854],[45.201,-12.854],[45.201,-12.855],[45.201,-12.855],[45.201,-12.855],[45.201,-12.856],[45.202,-12.856],[45.202,-12.857],[45.202,-12.857],[45.202,-12.857],[45.202,-12.857],[45.202,-12.858],[45.202,-12.859],[45.202,-12.859],[45.202,-12.859],[45.202,-12.86],[45.202,-12.86],[45.202,-12.86],[45.202,-12.86],[45.201,-12.86],[45.201,-12.861],[45.201,-12.861],[45.201,-12.861],[45.201,-12.861],[45.202,-12.861],[45.202,-12.862],[45.202,-12.862],[45.202,-12.862],[45.202,-12.862],[45.202,-12.862],[45.202,-12.862],[45.202,-12.863],[45.202,-12.863],[45.202,-12.863],[45.202,-12.863],[45.202,-12.863],[45.203,-12.863],[45.203,-12.863],[45.203,-12.863],[45.203,-12.863],[45.203,-12.863],[45.203,-12.863],[45.203,-12.863],[45.204,-12.863],[45.204,-12.863],[45.204,-12.863],[45.204,-12.863],[45.205,-12.863],[45.205,-12.863],[45.205,-12.863],[45.205,-12.863],[45.205,-12.862],[45.206,-12.863],[45.206,-12.863],[45.207,-12.864],[45.207,-12.864],[45.207,-12.863],[45.208,-12.863],[45.208,-12.864],[45.209,-12.864],[45.209,-12.863],[45.209,-12.863],[45.21,-12.863],[45.21,-12.862],[45.21,-12.862],[45.21,-12.862],[45.211,-12.863],[45.211,-12.863],[45.212,-12.863],[45.212,-12.863],[45.213,-12.863],[45.213,-12.864],[45.213,-12.864],[45.213,-12.864],[45.212,-12.864],[45.212,-12.864],[45.212,-12.865],[45.212,-12.865],[45.211,-12.865],[45.211,-12.866],[45.211,-12.867],[45.211,-12.868],[45.21,-12.868],[45.21,-12.869],[45.21,-12.869],[45.21,-12.869],[45.21,-12.87],[45.212,-12.871],[45.212,-12.872],[45.212,-12.872],[45.212,-12.872],[45.213,-12.873],[45.214,-12.873],[45.214,-12.873],[45.215,-12.873],[45.216,-12.873],[45.216,-12.872],[45.218,-12.872],[45.218,-12.872],[45.219,-12.871],[45.219,-12.871],[45.22,-12.871],[45.221,-12.871],[45.221,-12.871],[45.222,-12.871],[45.222,-12.871],[45.222,-12.872],[45.222,-12.872],[45.222,-12.872],[45.222,-12.873],[45.222,-12.874],[45.221,-12.874],[45.221,-12.874],[45.221,-12.875],[45.221,-12.875],[45.22,-12.875],[45.22,-12.875],[45.22,-12.875],[45.219,-12.876],[45.219,-12.876],[45.219,-12.876],[45.218,-12.876],[45.218,-12.877],[45.218,-12.877],[45.217,-12.878],[45.217,-12.878],[45.218,-12.878],[45.218,-12.879],[45.217,-12.879],[45.217,-12.879],[45.217,-12.879],[45.217,-12.879],[45.217,-12.88],[45.217,-12.88],[45.216,-12.88],[45.216,-12.881],[45.216,-12.882],[45.216,-12.883],[45.216,-12.883],[45.216,-12.883],[45.216,-12.884],[45.217,-12.884],[45.217,-12.884],[45.217,-12.884],[45.217,-12.884],[45.218,-12.884],[45.218,-12.884],[45.218,-12.884],[45.218,-12.885],[45.217,-12.885],[45.217,-12.886],[45.217,-12.886],[45.217,-12.886],[45.217,-12.886],[45.217,-12.886],[45.216,-12.886],[45.216,-12.887],[45.216,-12.887],[45.215,-12.887],[45.215,-12.887],[45.214,-12.887],[45.214,-12.888],[45.213,-12.888],[45.213,-12.889],[45.212,-12.889],[45.212,-12.889],[45.212,-12.889],[45.211,-12.89],[45.211,-12.89],[45.211,-12.89],[45.211,-12.89],[45.211,-12.891],[45.211,-12.891],[45.212,-12.891],[45.211,-12.891],[45.211,-12.891],[45.21,-12.891],[45.21,-12.891],[45.21,-12.891],[45.209,-12.892],[45.209,-12.892],[45.208,-12.892],[45.208,-12.892],[45.207,-12.893],[45.207,-12.893],[45.207,-12.893],[45.207,-12.893],[45.206,-12.893],[45.206,-12.893],[45.205,-12.893],[45.205,-12.893],[45.205,-12.893],[45.205,-12.893],[45.204,-12.893],[45.204,-12.893],[45.204,-12.894],[45.203,-12.894],[45.203,-12.895],[45.202,-12.895],[45.202,-12.895],[45.201,-12.895],[45.201,-12.895],[45.201,-12.895],[45.2,-12.895],[45.2,-12.895],[45.2,-12.896],[45.2,-12.896],[45.199,-12.896],[45.199,-12.896],[45.199,-12.896],[45.198,-12.896],[45.198,-12.897],[45.198,-12.897],[45.197,-12.898],[45.197,-12.898],[45.197,-12.897],[45.196,-12.897],[45.196,-12.897],[45.196,-12.898],[45.196,-12.898],[45.196,-12.898],[45.196,-12.898],[45.196,-12.898],[45.196,-12.898],[45.197,-12.898],[45.197,-12.898],[45.197,-12.898],[45.197,-12.898],[45.197,-12.899],[45.197,-12.899],[45.197,-12.899],[45.197,-12.9],[45.197,-12.9],[45.196,-12.901],[45.196,-12.901],[45.196,-12.902],[45.196,-12.902],[45.196,-12.902],[45.196,-12.902],[45.195,-12.903],[45.196,-12.903],[45.196,-12.904],[45.196,-12.904],[45.196,-12.904],[45.196,-12.904],[45.195,-12.905],[45.195,-12.905],[45.195,-12.906],[45.195,-12.906],[45.195,-12.906],[45.195,-12.906],[45.195,-12.906],[45.195,-12.906],[45.195,-12.905],[45.195,-12.905],[45.195,-12.904],[45.195,-12.904],[45.195,-12.904],[45.195,-12.904],[45.195,-12.904],[45.195,-12.904],[45.194,-12.905],[45.195,-12.905],[45.194,-12.905],[45.194,-12.905],[45.194,-12.905],[45.194,-12.905],[45.193,-12.905],[45.193,-12.905],[45.192,-12.906],[45.193,-12.906],[45.193,-12.906],[45.193,-12.907],[45.193,-12.907],[45.193,-12.907],[45.193,-12.907],[45.193,-12.907],[45.194,-12.907],[45.194,-12.908],[45.194,-12.908],[45.195,-12.908],[45.195,-12.908],[45.195,-12.908],[45.196,-12.908],[45.196,-12.908],[45.196,-12.908],[45.196,-12.907],[45.196,-12.907],[45.196,-12.907],[45.196,-12.908],[45.196,-12.909],[45.196,-12.91],[45.196,-12.91],[45.196,-12.91],[45.195,-12.91],[45.195,-12.91],[45.195,-12.91],[45.195,-12.91],[45.195,-12.91],[45.195,-12.91],[45.195,-12.91],[45.196,-12.91],[45.196,-12.91],[45.197,-12.91],[45.197,-12.91],[45.197,-12.911],[45.196,-12.911],[45.196,-12.912],[45.196,-12.912],[45.197,-12.912],[45.197,-12.913],[45.197,-12.913],[45.197,-12.913],[45.197,-12.914],[45.197,-12.914],[45.197,-12.914],[45.197,-12.914],[45.198,-12.915],[45.199,-12.915],[45.199,-12.915],[45.199,-12.915],[45.2,-12.915],[45.2,-12.916],[45.201,-12.916],[45.201,-12.916],[45.201,-12.916],[45.201,-12.917],[45.201,-12.917],[45.202,-12.917],[45.202,-12.918],[45.202,-12.918],[45.203,-12.918],[45.203,-12.918],[45.203,-12.918],[45.203,-12.919],[45.203,-12.919],[45.204,-12.919],[45.204,-12.92],[45.205,-12.92],[45.205,-12.92],[45.205,-12.92],[45.205,-12.92],[45.205,-12.92],[45.204,-12.92],[45.204,-12.921],[45.203,-12.92],[45.203,-12.92],[45.203,-12.92],[45.202,-12.92],[45.202,-12.92],[45.202,-12.92],[45.2,-12.92],[45.2,-12.92],[45.199,-12.92],[45.199,-12.92],[45.199,-12.92],[45.199,-12.92],[45.198,-12.92],[45.198,-12.919],[45.198,-12.919],[45.197,-12.919],[45.197,-12.919],[45.197,-12.919],[45.197,-12.919],[45.196,-12.918],[45.196,-12.918],[45.195,-12.918],[45.195,-12.918],[45.194,-12.917],[45.193,-12.917],[45.193,-12.917],[45.193,-12.917],[45.192,-12.917],[45.191,-12.917],[45.191,-12.917],[45.19,-12.917],[45.19,-12.917],[45.19,-12.917],[45.19,-12.917],[45.189,-12.917],[45.188,-12.916],[45.188,-12.916],[45.187,-12.917],[45.186,-12.917],[45.186,-12.917],[45.186,-12.918],[45.185,-12.918],[45.185,-12.919],[45.185,-12.919],[45.185,-12.919],[45.184,-12.92],[45.184,-12.92],[45.184,-12.921],[45.184,-12.921],[45.184,-12.921],[45.184,-12.922],[45.185,-12.922],[45.185,-12.923],[45.185,-12.923],[45.185,-12.923],[45.185,-12.924],[45.185,-12.924],[45.185,-12.924],[45.185,-12.925],[45.184,-12.924],[45.184,-12.924],[45.184,-12.924],[45.183,-12.925],[45.183,-12.925],[45.183,-12.925],[45.183,-12.925],[45.182,-12.925],[45.182,-12.925],[45.182,-12.925],[45.181,-12.925],[45.18,-12.925],[45.18,-12.925],[45.18,-12.926],[45.18,-12.926],[45.179,-12.926],[45.179,-12.927],[45.179,-12.927],[45.178,-12.928],[45.178,-12.928],[45.178,-12.928],[45.178,-12.929],[45.177,-12.929],[45.177,-12.93],[45.177,-12.93],[45.176,-12.931],[45.176,-12.931],[45.176,-12.932],[45.176,-12.933],[45.176,-12.933],[45.176,-12.934],[45.176,-12.935],[45.176,-12.935],[45.176,-12.935],[45.176,-12.935],[45.176,-12.935],[45.176,-12.936],[45.177,-12.936],[45.177,-12.936],[45.177,-12.936],[45.178,-12.937],[45.178,-12.937],[45.178,-12.937],[45.178,-12.937],[45.179,-12.938],[45.179,-12.938],[45.179,-12.939],[45.179,-12.939],[45.179,-12.939],[45.18,-12.939],[45.18,-12.94],[45.18,-12.941],[45.18,-12.941],[45.18,-12.941],[45.18,-12.942],[45.18,-12.942],[45.18,-12.942],[45.18,-12.942],[45.179,-12.943],[45.179,-12.943],[45.179,-12.943],[45.179,-12.944],[45.179,-12.943],[45.179,-12.943],[45.178,-12.943],[45.178,-12.943],[45.178,-12.943],[45.177,-12.943],[45.177,-12.943],[45.177,-12.943],[45.176,-12.943],[45.176,-12.943],[45.175,-12.942],[45.175,-12.942],[45.175,-12.942],[45.174,-12.941],[45.173,-12.941],[45.173,-12.941],[45.173,-12.942],[45.172,-12.942],[45.172,-12.942],[45.172,-12.942],[45.171,-12.943],[45.17,-12.944],[45.17,-12.944],[45.17,-12.944],[45.17,-12.943],[45.171,-12.943],[45.171,-12.943],[45.17,-12.943],[45.17,-12.943],[45.17,-12.943],[45.17,-12.943],[45.17,-12.943],[45.17,-12.943],[45.17,-12.943],[45.169,-12.943],[45.17,-12.944],[45.17,-12.944],[45.17,-12.944],[45.17,-12.944],[45.17,-12.944],[45.17,-12.944],[45.17,-12.945],[45.17,-12.945],[45.169,-12.945],[45.169,-12.946],[45.169,-12.946],[45.169,-12.947],[45.169,-12.947],[45.169,-12.948],[45.169,-12.949],[45.169,-12.949],[45.169,-12.949],[45.169,-12.95],[45.169,-12.95],[45.169,-12.95],[45.169,-12.95],[45.169,-12.95],[45.169,-12.951],[45.17,-12.951],[45.17,-12.952],[45.17,-12.952],[45.17,-12.952],[45.17,-12.953],[45.171,-12.953],[45.171,-12.953],[45.171,-12.953],[45.172,-12.954],[45.173,-12.954],[45.173,-12.954],[45.173,-12.954],[45.174,-12.955],[45.174,-12.955],[45.174,-12.956],[45.174,-12.956],[45.175,-12.956],[45.175,-12.956],[45.175,-12.957],[45.175,-12.957],[45.176,-12.958],[45.176,-12.958],[45.176,-12.958],[45.176,-12.959],[45.176,-12.959],[45.176,-12.959],[45.176,-12.96],[45.176,-12.96],[45.176,-12.961],[45.176,-12.962],[45.176,-12.962],[45.176,-12.962],[45.177,-12.963],[45.177,-12.963],[45.177,-12.964],[45.177,-12.964],[45.176,-12.964],[45.176,-12.964],[45.176,-12.964],[45.176,-12.964],[45.177,-12.964],[45.177,-12.965],[45.177,-12.965],[45.177,-12.965],[45.177,-12.965],[45.177,-12.965],[45.177,-12.965],[45.177,-12.965],[45.177,-12.964],[45.177,-12.964],[45.177,-12.965],[45.178,-12.965],[45.178,-12.966],[45.178,-12.966],[45.179,-12.966],[45.179,-12.966],[45.179,-12.966],[45.179,-12.966],[45.18,-12.967],[45.18,-12.967],[45.18,-12.967],[45.181,-12.967],[45.181,-12.968],[45.182,-12.968],[45.182,-12.968],[45.182,-12.969],[45.183,-12.969],[45.183,-12.968],[45.183,-12.969],[45.184,-12.969],[45.184,-12.97],[45.184,-12.97],[45.185,-12.97],[45.185,-12.97],[45.186,-12.97],[45.187,-12.97],[45.187,-12.97],[45.188,-12.97],[45.188,-12.97],[45.189,-12.971],[45.189,-12.971],[45.189,-12.97],[45.19,-12.971],[45.191,-12.971],[45.191,-12.972],[45.191,-12.972],[45.191,-12.972],[45.191,-12.973],[45.191,-12.973],[45.192,-12.973],[45.192,-12.974],[45.192,-12.974],[45.193,-12.974],[45.193,-12.974],[45.193,-12.974],[45.194,-12.975],[45.194,-12.975],[45.194,-12.975],[45.193,-12.975],[45.193,-12.976],[45.193,-12.976],[45.193,-12.976],[45.193,-12.976],[45.194,-12.976],[45.194,-12.976],[45.194,-12.976],[45.194,-12.975],[45.194,-12.975],[45.195,-12.975],[45.195,-12.976],[45.196,-12.976],[45.196,-12.976],[45.197,-12.976],[45.197,-12.976],[45.197,-12.975],[45.198,-12.975],[45.198,-12.975],[45.199,-12.974],[45.2,-12.974],[45.2,-12.974],[45.201,-12.974],[45.201,-12.974],[45.202,-12.974],[45.202,-12.974],[45.203,-12.974],[45.203,-12.974],[45.204,-12.974],[45.204,-12.974],[45.204,-12.974],[45.204,-12.975],[45.204,-12.975],[45.204,-12.975],[45.204,-12.976],[45.203,-12.976],[45.203,-12.976],[45.203,-12.976],[45.203,-12.977],[45.202,-12.977],[45.202,-12.977],[45.202,-12.977],[45.202,-12.978],[45.202,-12.978],[45.201,-12.978],[45.201,-12.979],[45.201,-12.979],[45.201,-12.979],[45.201,-12.98],[45.201,-12.98],[45.201,-12.981],[45.201,-12.981],[45.2,-12.981],[45.2,-12.981],[45.2,-12.981],[45.199,-12.981],[45.199,-12.981],[45.199,-12.981],[45.198,-12.982],[45.198,-12.982],[45.198,-12.982],[45.198,-12.982],[45.197,-12.982],[45.197,-12.982],[45.197,-12.983],[45.197,-12.983],[45.197,-12.983],[45.197,-12.983],[45.197,-12.984],[45.197,-12.984],[45.197,-12.984],[45.196,-12.984],[45.196,-12.984],[45.195,-12.984],[45.195,-12.984],[45.195,-12.984],[45.195,-12.984],[45.195,-12.984],[45.195,-12.985],[45.195,-12.985],[45.194,-12.985],[45.194,-12.985],[45.194,-12.986],[45.194,-12.987],[45.194,-12.987],[45.194,-12.987],[45.193,-12.987],[45.193,-12.987],[45.193,-12.987],[45.193,-12.987],[45.192,-12.987],[45.192,-12.987],[45.192,-12.987],[45.191,-12.987],[45.191,-12.987],[45.191,-12.986],[45.19,-12.986],[45.19,-12.986],[45.189,-12.986],[45.189,-12.986],[45.188,-12.985],[45.187,-12.985],[45.187,-12.985],[45.186,-12.985],[45.186,-12.985],[45.186,-12.984],[45.186,-12.984],[45.186,-12.984],[45.185,-12.984],[45.185,-12.984],[45.184,-12.984],[45.183,-12.984],[45.183,-12.984],[45.182,-12.984],[45.182,-12.984],[45.182,-12.984],[45.182,-12.984],[45.182,-12.984],[45.182,-12.984],[45.182,-12.984],[45.182,-12.984],[45.182,-12.984],[45.182,-12.985],[45.181,-12.985],[45.181,-12.985],[45.181,-12.984],[45.181,-12.984],[45.181,-12.984],[45.181,-12.985],[45.18,-12.985],[45.18,-12.985],[45.18,-12.985],[45.18,-12.986],[45.179,-12.986],[45.179,-12.987],[45.179,-12.987],[45.179,-12.988],[45.179,-12.988],[45.179,-12.988],[45.179,-12.989],[45.178,-12.989],[45.178,-12.989],[45.178,-12.99],[45.178,-12.991],[45.178,-12.991],[45.178,-12.991],[45.177,-12.991],[45.178,-12.992],[45.178,-12.993],[45.178,-12.993],[45.178,-12.993],[45.178,-12.993],[45.179,-12.994],[45.179,-12.994],[45.179,-12.994],[45.179,-12.994],[45.179,-12.994],[45.179,-12.995],[45.179,-12.994],[45.178,-12.995],[45.178,-12.995],[45.178,-12.995],[45.178,-12.995],[45.178,-12.995],[45.177,-12.995],[45.177,-12.995],[45.177,-12.995],[45.176,-12.995],[45.176,-12.995],[45.176,-12.995],[45.175,-12.995],[45.175,-12.994],[45.176,-12.994],[45.176,-12.994],[45.175,-12.993],[45.175,-12.993],[45.175,-12.993],[45.176,-12.993],[45.176,-12.992],[45.175,-12.992],[45.175,-12.992],[45.175,-12.991],[45.175,-12.991],[45.175,-12.991],[45.175,-12.99],[45.174,-12.99],[45.175,-12.989],[45.174,-12.989],[45.174,-12.989],[45.174,-12.988],[45.174,-12.988],[45.174,-12.988],[45.174,-12.987],[45.174,-12.987],[45.174,-12.987],[45.175,-12.986],[45.174,-12.986],[45.175,-12.986],[45.175,-12.986],[45.174,-12.985],[45.174,-12.985],[45.174,-12.984],[45.174,-12.984],[45.174,-12.984],[45.174,-12.984],[45.173,-12.983],[45.173,-12.983],[45.173,-12.983],[45.173,-12.982],[45.173,-12.982],[45.173,-12.982],[45.172,-12.981],[45.172,-12.98],[45.172,-12.98],[45.172,-12.98],[45.172,-12.98],[45.172,-12.979],[45.172,-12.979],[45.172,-12.979],[45.172,-12.978],[45.171,-12.978],[45.171,-12.977],[45.171,-12.977],[45.17,-12.977],[45.17,-12.977],[45.169,-12.977],[45.169,-12.977],[45.169,-12.976],[45.168,-12.976],[45.168,-12.976],[45.168,-12.976],[45.168,-12.976],[45.168,-12.976],[45.168,-12.976],[45.167,-12.975],[45.167,-12.975],[45.167,-12.975],[45.167,-12.975],[45.166,-12.975],[45.165,-12.975],[45.164,-12.975],[45.164,-12.975],[45.163,-12.976],[45.163,-12.976],[45.162,-12.976],[45.162,-12.976],[45.161,-12.976],[45.162,-12.976],[45.162,-12.976],[45.162,-12.976],[45.162,-12.975],[45.163,-12.975],[45.163,-12.975],[45.163,-12.975],[45.163,-12.975],[45.162,-12.975],[45.162,-12.975],[45.162,-12.975],[45.162,-12.975],[45.162,-12.975],[45.162,-12.975],[45.161,-12.975],[45.161,-12.975],[45.161,-12.975],[45.161,-12.974],[45.161,-12.974],[45.161,-12.974],[45.16,-12.974],[45.16,-12.974],[45.16,-12.974],[45.16,-12.974],[45.16,-12.973],[45.161,-12.973],[45.161,-12.973],[45.161,-12.973],[45.16,-12.973],[45.16,-12.973],[45.16,-12.973],[45.161,-12.973],[45.161,-12.973],[45.16,-12.973],[45.16,-12.973],[45.16,-12.974],[45.16,-12.974],[45.16,-12.974],[45.16,-12.975],[45.16,-12.975],[45.16,-12.975],[45.159,-12.975],[45.159,-12.975],[45.159,-12.976],[45.159,-12.976],[45.159,-12.976],[45.158,-12.976],[45.158,-12.976],[45.158,-12.977],[45.158,-12.977],[45.158,-12.977],[45.158,-12.977],[45.158,-12.978],[45.158,-12.978],[45.158,-12.978],[45.158,-12.978],[45.158,-12.978],[45.159,-12.977],[45.159,-12.977],[45.159,-12.977],[45.16,-12.977],[45.16,-12.977],[45.159,-12.977],[45.159,-12.978],[45.158,-12.978],[45.158,-12.978],[45.158,-12.979],[45.158,-12.979],[45.157,-12.979],[45.157,-12.979],[45.156,-12.98],[45.156,-12.98],[45.156,-12.98],[45.156,-12.981],[45.156,-12.981],[45.156,-12.982],[45.156,-12.982],[45.156,-12.982],[45.157,-12.982],[45.157,-12.983],[45.157,-12.983],[45.157,-12.984],[45.157,-12.984],[45.157,-12.985],[45.157,-12.985],[45.157,-12.985],[45.157,-12.986],[45.157,-12.986],[45.157,-12.986],[45.158,-12.987],[45.158,-12.987],[45.157,-12.988],[45.157,-12.988],[45.158,-12.988],[45.158,-12.989],[45.157,-12.989],[45.157,-12.99],[45.157,-12.99],[45.156,-12.99],[45.156,-12.991],[45.156,-12.991],[45.156,-12.991],[45.156,-12.992],[45.156,-12.992],[45.156,-12.992],[45.155,-12.992],[45.155,-12.993],[45.155,-12.993],[45.154,-12.994],[45.154,-12.994],[45.154,-12.994],[45.154,-12.995],[45.154,-12.995],[45.154,-12.995],[45.154,-12.995],[45.153,-12.996],[45.153,-12.996],[45.153,-12.996],[45.153,-12.997],[45.153,-12.997],[45.153,-12.997],[45.152,-12.997],[45.152,-12.998],[45.152,-12.998],[45.152,-12.998],[45.151,-12.999],[45.151,-12.999],[45.151,-12.999],[45.15,-12.999],[45.15,-12.999],[45.149,-13],[45.149,-13],[45.148,-13],[45.148,-13],[45.148,-13],[45.148,-13],[45.147,-13],[45.147,-12.999],[45.147,-12.999],[45.147,-12.999],[45.147,-13],[45.147,-13],[45.146,-13],[45.146,-13],[45.146,-13],[45.145,-12.999],[45.145,-12.999],[45.145,-12.999],[45.145,-12.999],[45.144,-12.999],[45.144,-12.999],[45.144,-12.999],[45.143,-12.999],[45.143,-13],[45.142,-13],[45.142,-13],[45.142,-12.999],[45.142,-12.999],[45.141,-12.999],[45.141,-12.999],[45.141,-12.998],[45.141,-12.997],[45.14,-12.997],[45.14,-12.996],[45.14,-12.996],[45.14,-12.996],[45.14,-12.995],[45.139,-12.995],[45.139,-12.994],[45.139,-12.994],[45.14,-12.994],[45.139,-12.993],[45.139,-12.993],[45.139,-12.992],[45.139,-12.992],[45.139,-12.991],[45.139,-12.991],[45.139,-12.991],[45.139,-12.992],[45.139,-12.992],[45.139,-12.992],[45.139,-12.992],[45.138,-12.991],[45.137,-12.991],[45.137,-12.991],[45.136,-12.991],[45.135,-12.991],[45.135,-12.991],[45.135,-12.99],[45.135,-12.99],[45.136,-12.99],[45.136,-12.99],[45.136,-12.99],[45.136,-12.99],[45.136,-12.99],[45.135,-12.99],[45.135,-12.99],[45.135,-12.99],[45.135,-12.99],[45.134,-12.99],[45.134,-12.99],[45.134,-12.99],[45.134,-12.99],[45.134,-12.99],[45.134,-12.99],[45.134,-12.989],[45.134,-12.989],[45.134,-12.989],[45.134,-12.989],[45.134,-12.989],[45.133,-12.989],[45.133,-12.989],[45.133,-12.989],[45.133,-12.99],[45.133,-12.99],[45.133,-12.99],[45.133,-12.991],[45.133,-12.991],[45.133,-12.991],[45.133,-12.991],[45.132,-12.991],[45.132,-12.992],[45.132,-12.992],[45.132,-12.992],[45.132,-12.992],[45.132,-12.993],[45.132,-12.993],[45.131,-12.993],[45.131,-12.994],[45.131,-12.994],[45.131,-12.994],[45.13,-12.994],[45.13,-12.994],[45.13,-12.994],[45.13,-12.995],[45.13,-12.995],[45.129,-12.995],[45.129,-12.995],[45.128,-12.995],[45.128,-12.995],[45.127,-12.995],[45.127,-12.995],[45.127,-12.995],[45.127,-12.995],[45.126,-12.995],[45.126,-12.996],[45.126,-12.995],[45.126,-12.995],[45.126,-12.995],[45.126,-12.994],[45.126,-12.994],[45.126,-12.994],[45.126,-12.993],[45.126,-12.993],[45.126,-12.993],[45.126,-12.992],[45.125,-12.992],[45.125,-12.992],[45.125,-12.991],[45.125,-12.991],[45.125,-12.99],[45.125,-12.99],[45.125,-12.989],[45.126,-12.988],[45.126,-12.988],[45.126,-12.988],[45.126,-12.987],[45.127,-12.987],[45.127,-12.987],[45.126,-12.987],[45.126,-12.986],[45.126,-12.986],[45.126,-12.985],[45.126,-12.985],[45.125,-12.985],[45.125,-12.985],[45.125,-12.985],[45.125,-12.984],[45.125,-12.983],[45.125,-12.983],[45.125,-12.983],[45.125,-12.983],[45.125,-12.983],[45.125,-12.982],[45.125,-12.982],[45.124,-12.982],[45.125,-12.982],[45.125,-12.981],[45.125,-12.981],[45.125,-12.98],[45.125,-12.98],[45.125,-12.98],[45.125,-12.981],[45.124,-12.981],[45.124,-12.981],[45.124,-12.981],[45.124,-12.981],[45.124,-12.981],[45.124,-12.982],[45.124,-12.982],[45.124,-12.982],[45.124,-12.982],[45.123,-12.982],[45.123,-12.981],[45.122,-12.981],[45.122,-12.981],[45.121,-12.981],[45.12,-12.981],[45.12,-12.98],[45.12,-12.98],[45.119,-12.981],[45.119,-12.981],[45.118,-12.981],[45.118,-12.981],[45.118,-12.981],[45.117,-12.981],[45.117,-12.981],[45.117,-12.981],[45.117,-12.981],[45.116,-12.981],[45.116,-12.981],[45.116,-12.981],[45.115,-12.981],[45.115,-12.982],[45.115,-12.982],[45.114,-12.982],[45.114,-12.982],[45.113,-12.983],[45.113,-12.983],[45.113,-12.984],[45.113,-12.984],[45.112,-12.985],[45.112,-12.985],[45.112,-12.985],[45.112,-12.985],[45.111,-12.986],[45.111,-12.986],[45.111,-12.986],[45.111,-12.986],[45.111,-12.987],[45.111,-12.987],[45.111,-12.988],[45.11,-12.988],[45.11,-12.988],[45.11,-12.989],[45.11,-12.989],[45.11,-12.989],[45.11,-12.99],[45.11,-12.99],[45.11,-12.99],[45.11,-12.991],[45.11,-12.991],[45.11,-12.991],[45.109,-12.991],[45.109,-12.992],[45.109,-12.992],[45.109,-12.992],[45.109,-12.993],[45.109,-12.993],[45.109,-12.993],[45.109,-12.994],[45.109,-12.994],[45.109,-12.994],[45.109,-12.994],[45.109,-12.994],[45.109,-12.993],[45.109,-12.993],[45.109,-12.993],[45.108,-12.992],[45.108,-12.992],[45.108,-12.991],[45.108,-12.991],[45.107,-12.991],[45.107,-12.991],[45.106,-12.99],[45.106,-12.989],[45.106,-12.989],[45.106,-12.988],[45.106,-12.988],[45.106,-12.987],[45.106,-12.987],[45.106,-12.987],[45.106,-12.986],[45.106,-12.986],[45.107,-12.985],[45.107,-12.984],[45.107,-12.984],[45.108,-12.984],[45.108,-12.984],[45.108,-12.983],[45.108,-12.983],[45.108,-12.983],[45.108,-12.982],[45.108,-12.982],[45.108,-12.981],[45.108,-12.981],[45.108,-12.981],[45.108,-12.98],[45.108,-12.98],[45.108,-12.98],[45.108,-12.98],[45.107,-12.98],[45.107,-12.979],[45.107,-12.979],[45.107,-12.978],[45.108,-12.978],[45.108,-12.978],[45.108,-12.977],[45.108,-12.977],[45.108,-12.977],[45.107,-12.976],[45.107,-12.976],[45.107,-12.975],[45.107,-12.975],[45.107,-12.975],[45.107,-12.974],[45.107,-12.974],[45.107,-12.973],[45.107,-12.973],[45.108,-12.973],[45.108,-12.972],[45.109,-12.972],[45.109,-12.972],[45.109,-12.971],[45.109,-12.971],[45.11,-12.97],[45.11,-12.97],[45.11,-12.969],[45.11,-12.969],[45.11,-12.969],[45.11,-12.968],[45.111,-12.968],[45.111,-12.968],[45.111,-12.967],[45.111,-12.967],[45.111,-12.967],[45.111,-12.967],[45.111,-12.967],[45.111,-12.966],[45.111,-12.966],[45.111,-12.965],[45.111,-12.965],[45.111,-12.964],[45.111,-12.964],[45.111,-12.963],[45.111,-12.963],[45.111,-12.962],[45.111,-12.962],[45.111,-12.962],[45.111,-12.961],[45.111,-12.961],[45.111,-12.961],[45.111,-12.96],[45.111,-12.96],[45.11,-12.96],[45.11,-12.96],[45.11,-12.96],[45.109,-12.96],[45.109,-12.959],[45.109,-12.959],[45.109,-12.958],[45.109,-12.958],[45.108,-12.958],[45.108,-12.958],[45.108,-12.957],[45.108,-12.957],[45.107,-12.957],[45.107,-12.957],[45.107,-12.957],[45.107,-12.957],[45.107,-12.957],[45.106,-12.958],[45.106,-12.958],[45.106,-12.958],[45.107,-12.958],[45.107,-12.958],[45.107,-12.958],[45.106,-12.958],[45.106,-12.958],[45.105,-12.958],[45.105,-12.958],[45.105,-12.958],[45.104,-12.958],[45.104,-12.958],[45.104,-12.958],[45.104,-12.958],[45.104,-12.959],[45.104,-12.959],[45.104,-12.959],[45.104,-12.959],[45.103,-12.959],[45.103,-12.96],[45.103,-12.96],[45.103,-12.96],[45.103,-12.96],[45.102,-12.961],[45.102,-12.961],[45.102,-12.961],[45.101,-12.961],[45.101,-12.961],[45.101,-12.962],[45.101,-12.962],[45.101,-12.962],[45.101,-12.962],[45.101,-12.963],[45.1,-12.963],[45.1,-12.963],[45.1,-12.964],[45.1,-12.964],[45.1,-12.964],[45.1,-12.964],[45.1,-12.964],[45.099,-12.964],[45.099,-12.964],[45.098,-12.964],[45.097,-12.965],[45.096,-12.965],[45.096,-12.965],[45.096,-12.965],[45.096,-12.965],[45.095,-12.965],[45.095,-12.966],[45.095,-12.966],[45.094,-12.966],[45.094,-12.966],[45.093,-12.966],[45.093,-12.966],[45.093,-12.967],[45.092,-12.967],[45.092,-12.966],[45.091,-12.966],[45.091,-12.966],[45.09,-12.965],[45.09,-12.965],[45.09,-12.965],[45.09,-12.965],[45.089,-12.965],[45.089,-12.965],[45.089,-12.965],[45.088,-12.964],[45.088,-12.964],[45.088,-12.963],[45.087,-12.963],[45.086,-12.963],[45.086,-12.962],[45.085,-12.962],[45.085,-12.962],[45.085,-12.962],[45.084,-12.962],[45.083,-12.961],[45.083,-12.961],[45.082,-12.961],[45.082,-12.962],[45.082,-12.962],[45.082,-12.962],[45.081,-12.962],[45.081,-12.962],[45.081,-12.963],[45.081,-12.963],[45.08,-12.963],[45.08,-12.963],[45.08,-12.963],[45.079,-12.963],[45.079,-12.963],[45.079,-12.962],[45.079,-12.962],[45.08,-12.962],[45.08,-12.961],[45.08,-12.961],[45.081,-12.961],[45.081,-12.961],[45.081,-12.96],[45.082,-12.96],[45.082,-12.96],[45.083,-12.96],[45.083,-12.96],[45.083,-12.959],[45.084,-12.959],[45.084,-12.959],[45.084,-12.959],[45.084,-12.959],[45.085,-12.958],[45.085,-12.958],[45.085,-12.958],[45.086,-12.958],[45.086,-12.957],[45.087,-12.957],[45.087,-12.957],[45.087,-12.957],[45.087,-12.957],[45.087,-12.957],[45.087,-12.957],[45.088,-12.957],[45.088,-12.956],[45.088,-12.956],[45.089,-12.956],[45.09,-12.956],[45.091,-12.956],[45.091,-12.955],[45.092,-12.955],[45.092,-12.955],[45.092,-12.955],[45.093,-12.955],[45.093,-12.955],[45.093,-12.955],[45.093,-12.955],[45.093,-12.955],[45.094,-12.954],[45.094,-12.954],[45.095,-12.953],[45.096,-12.953],[45.096,-12.952],[45.096,-12.952],[45.096,-12.951],[45.097,-12.951],[45.097,-12.95],[45.098,-12.95],[45.098,-12.949],[45.098,-12.949],[45.098,-12.949],[45.099,-12.948],[45.099,-12.948],[45.1,-12.948],[45.1,-12.947],[45.1,-12.947],[45.1,-12.947],[45.101,-12.946],[45.101,-12.946],[45.101,-12.946],[45.101,-12.946],[45.101,-12.945],[45.101,-12.945],[45.101,-12.944],[45.102,-12.944],[45.102,-12.943],[45.102,-12.942],[45.102,-12.942],[45.101,-12.942],[45.101,-12.941],[45.102,-12.941],[45.102,-12.941],[45.102,-12.94],[45.102,-12.94],[45.102,-12.94],[45.102,-12.939],[45.102,-12.939],[45.102,-12.939],[45.102,-12.938],[45.102,-12.938],[45.102,-12.938],[45.102,-12.937],[45.102,-12.937],[45.102,-12.936],[45.103,-12.936],[45.103,-12.936],[45.103,-12.936],[45.103,-12.935],[45.104,-12.935],[45.104,-12.934],[45.104,-12.934],[45.104,-12.933],[45.104,-12.933],[45.104,-12.933],[45.104,-12.932],[45.104,-12.932],[45.104,-12.932],[45.104,-12.931],[45.103,-12.93],[45.103,-12.93],[45.103,-12.929],[45.103,-12.929],[45.102,-12.928],[45.102,-12.928],[45.102,-12.927],[45.101,-12.927],[45.101,-12.926],[45.1,-12.926],[45.099,-12.925],[45.098,-12.925],[45.098,-12.925],[45.098,-12.925],[45.097,-12.925],[45.097,-12.925],[45.096,-12.925],[45.096,-12.925],[45.096,-12.925],[45.096,-12.925],[45.095,-12.925],[45.095,-12.926],[45.095,-12.926],[45.095,-12.926],[45.095,-12.927],[45.094,-12.927],[45.094,-12.927],[45.094,-12.927],[45.093,-12.927],[45.093,-12.927],[45.093,-12.928],[45.093,-12.928],[45.092,-12.928],[45.092,-12.928],[45.092,-12.928],[45.091,-12.928],[45.091,-12.928],[45.091,-12.928],[45.09,-12.929],[45.09,-12.929],[45.089,-12.929],[45.089,-12.929],[45.089,-12.929],[45.089,-12.929],[45.088,-12.93],[45.088,-12.93],[45.088,-12.93],[45.088,-12.93],[45.087,-12.93],[45.087,-12.93],[45.087,-12.93],[45.087,-12.929],[45.087,-12.929],[45.087,-12.928],[45.088,-12.928],[45.089,-12.928],[45.089,-12.928],[45.089,-12.928],[45.089,-12.928],[45.089,-12.927],[45.089,-12.927],[45.089,-12.927],[45.089,-12.926],[45.089,-12.925],[45.089,-12.925],[45.088,-12.924],[45.088,-12.924],[45.088,-12.923],[45.087,-12.923],[45.087,-12.923],[45.087,-12.922],[45.087,-12.922],[45.086,-12.922],[45.086,-12.922],[45.086,-12.922],[45.085,-12.922],[45.085,-12.922],[45.084,-12.922],[45.084,-12.922],[45.084,-12.922],[45.083,-12.922],[45.083,-12.922],[45.083,-12.921],[45.083,-12.921],[45.083,-12.921],[45.083,-12.921],[45.083,-12.92],[45.083,-12.92],[45.082,-12.919],[45.082,-12.918],[45.082,-12.918],[45.081,-12.918],[45.081,-12.917],[45.081,-12.917],[45.081,-12.917],[45.081,-12.917],[45.081,-12.916],[45.081,-12.916],[45.081,-12.915],[45.081,-12.915],[45.081,-12.914],[45.08,-12.913],[45.08,-12.913],[45.079,-12.913],[45.079,-12.913],[45.079,-12.912],[45.079,-12.912],[45.079,-12.911],[45.079,-12.911],[45.079,-12.911],[45.079,-12.91],[45.079,-12.91],[45.079,-12.909],[45.079,-12.909],[45.078,-12.909],[45.078,-12.908],[45.078,-12.908],[45.078,-12.907],[45.078,-12.907],[45.078,-12.907],[45.078,-12.907],[45.078,-12.907],[45.078,-12.906],[45.078,-12.906],[45.077,-12.906],[45.077,-12.905],[45.077,-12.905],[45.077,-12.905],[45.077,-12.905],[45.077,-12.904],[45.076,-12.904],[45.076,-12.904],[45.076,-12.904],[45.076,-12.903],[45.075,-12.903],[45.075,-12.903],[45.075,-12.903],[45.074,-12.902],[45.074,-12.902],[45.073,-12.902],[45.073,-12.902],[45.073,-12.902],[45.072,-12.902],[45.072,-12.902],[45.072,-12.902],[45.072,-12.902],[45.071,-12.902],[45.072,-12.901],[45.072,-12.901],[45.072,-12.901],[45.072,-12.901],[45.072,-12.9],[45.072,-12.9],[45.071,-12.9],[45.071,-12.899],[45.071,-12.899],[45.071,-12.899],[45.072,-12.899],[45.072,-12.899],[45.072,-12.899],[45.072,-12.899],[45.073,-12.899],[45.073,-12.899],[45.073,-12.899],[45.074,-12.899],[45.074,-12.899],[45.074,-12.899],[45.075,-12.899],[45.076,-12.899],[45.076,-12.899],[45.077,-12.898],[45.078,-12.898],[45.078,-12.898],[45.078,-12.898],[45.079,-12.899],[45.079,-12.899],[45.08,-12.899],[45.08,-12.899],[45.08,-12.899],[45.081,-12.899],[45.082,-12.899],[45.082,-12.899],[45.082,-12.899],[45.083,-12.899],[45.083,-12.899],[45.083,-12.899],[45.083,-12.898],[45.084,-12.898],[45.084,-12.898],[45.084,-12.898],[45.085,-12.898],[45.085,-12.898],[45.086,-12.898],[45.086,-12.898],[45.086,-12.898],[45.087,-12.898],[45.087,-12.898],[45.087,-12.898],[45.088,-12.898],[45.088,-12.898],[45.088,-12.898],[45.089,-12.898],[45.089,-12.898],[45.089,-12.898],[45.09,-12.898],[45.09,-12.898],[45.09,-12.898],[45.091,-12.898],[45.091,-12.898],[45.092,-12.898],[45.093,-12.898],[45.093,-12.898],[45.093,-12.898],[45.094,-12.898],[45.094,-12.898],[45.095,-12.899],[45.095,-12.899],[45.095,-12.899],[45.096,-12.899],[45.096,-12.899],[45.097,-12.899],[45.097,-12.898],[45.097,-12.898],[45.098,-12.899],[45.099,-12.899],[45.099,-12.899],[45.099,-12.899],[45.099,-12.899],[45.1,-12.899],[45.099,-12.899],[45.099,-12.9],[45.099,-12.9],[45.1,-12.9],[45.1,-12.901],[45.1,-12.902],[45.1,-12.901],[45.101,-12.902],[45.101,-12.902],[45.101,-12.902],[45.102,-12.903],[45.102,-12.903],[45.102,-12.903],[45.103,-12.904],[45.103,-12.904],[45.103,-12.905],[45.103,-12.905],[45.102,-12.905],[45.102,-12.905],[45.103,-12.905],[45.103,-12.906],[45.103,-12.906],[45.102,-12.907],[45.102,-12.907],[45.102,-12.907],[45.102,-12.908],[45.102,-12.908],[45.102,-12.909],[45.102,-12.91],[45.102,-12.91],[45.102,-12.91],[45.102,-12.911],[45.102,-12.911],[45.102,-12.912],[45.102,-12.912],[45.102,-12.912],[45.102,-12.912],[45.102,-12.912],[45.102,-12.913],[45.102,-12.913],[45.102,-12.913],[45.102,-12.913],[45.102,-12.914],[45.102,-12.914],[45.102,-12.914],[45.102,-12.915],[45.102,-12.916],[45.102,-12.917],[45.102,-12.918],[45.102,-12.918],[45.103,-12.919],[45.103,-12.919],[45.103,-12.919],[45.103,-12.919],[45.103,-12.919],[45.103,-12.92],[45.103,-12.92],[45.104,-12.92],[45.104,-12.921],[45.104,-12.921],[45.105,-12.922],[45.105,-12.922],[45.105,-12.922],[45.106,-12.922],[45.106,-12.922],[45.106,-12.922],[45.106,-12.923],[45.106,-12.923],[45.106,-12.923],[45.106,-12.923],[45.106,-12.924],[45.106,-12.924],[45.107,-12.924],[45.107,-12.924],[45.108,-12.924],[45.108,-12.924],[45.108,-12.924],[45.109,-12.924],[45.11,-12.925],[45.11,-12.925],[45.11,-12.925],[45.111,-12.925],[45.112,-12.925],[45.112,-12.925],[45.113,-12.926],[45.114,-12.926],[45.114,-12.926],[45.114,-12.926],[45.115,-12.926],[45.115,-12.926],[45.115,-12.926],[45.116,-12.926],[45.116,-12.927],[45.116,-12.927],[45.116,-12.927],[45.117,-12.927],[45.117,-12.927],[45.117,-12.927],[45.117,-12.928],[45.118,-12.928],[45.119,-12.928],[45.12,-12.929],[45.121,-12.929],[45.121,-12.929],[45.121,-12.929],[45.122,-12.929],[45.122,-12.929],[45.122,-12.929],[45.123,-12.929],[45.123,-12.929],[45.124,-12.929],[45.124,-12.929],[45.124,-12.929],[45.124,-12.93],[45.125,-12.93],[45.124,-12.93],[45.124,-12.931],[45.124,-12.931],[45.124,-12.931],[45.124,-12.932],[45.124,-12.931],[45.124,-12.932],[45.124,-12.932],[45.124,-12.932],[45.124,-12.932],[45.125,-12.932],[45.125,-12.933],[45.125,-12.933],[45.125,-12.933],[45.125,-12.933],[45.126,-12.933],[45.126,-12.934],[45.126,-12.934],[45.127,-12.934],[45.127,-12.934],[45.127,-12.934],[45.128,-12.934],[45.128,-12.934],[45.128,-12.935],[45.129,-12.935],[45.129,-12.935],[45.13,-12.935],[45.13,-12.936],[45.131,-12.936],[45.131,-12.936],[45.131,-12.936],[45.131,-12.936],[45.132,-12.936],[45.132,-12.936],[45.133,-12.936],[45.133,-12.936],[45.134,-12.936],[45.134,-12.936],[45.135,-12.936],[45.136,-12.936],[45.136,-12.936],[45.136,-12.937],[45.136,-12.937],[45.136,-12.936],[45.137,-12.936],[45.137,-12.937],[45.137,-12.937],[45.137,-12.937],[45.137,-12.937],[45.137,-12.938],[45.137,-12.938],[45.137,-12.938],[45.137,-12.938],[45.137,-12.938],[45.137,-12.937],[45.137,-12.937],[45.137,-12.937],[45.138,-12.937],[45.138,-12.937],[45.138,-12.937],[45.138,-12.937],[45.138,-12.937],[45.138,-12.936],[45.138,-12.936],[45.139,-12.936],[45.139,-12.936],[45.139,-12.936],[45.14,-12.936],[45.14,-12.936],[45.141,-12.936],[45.141,-12.936],[45.141,-12.936],[45.142,-12.936],[45.142,-12.936],[45.143,-12.936],[45.144,-12.936],[45.145,-12.936],[45.145,-12.936],[45.145,-12.936],[45.145,-12.936],[45.146,-12.935],[45.146,-12.934],[45.147,-12.934],[45.147,-12.934],[45.147,-12.934],[45.147,-12.934],[45.148,-12.934],[45.148,-12.934],[45.148,-12.933],[45.148,-12.933],[45.149,-12.933],[45.149,-12.933],[45.149,-12.934],[45.149,-12.933],[45.149,-12.933],[45.149,-12.933],[45.15,-12.933],[45.15,-12.932],[45.15,-12.932],[45.15,-12.932],[45.15,-12.932],[45.151,-12.932],[45.151,-12.932],[45.151,-12.931],[45.151,-12.931],[45.152,-12.931],[45.151,-12.93],[45.151,-12.93],[45.151,-12.93],[45.151,-12.929],[45.151,-12.929],[45.151,-12.929],[45.151,-12.929],[45.151,-12.928],[45.151,-12.928],[45.152,-12.928],[45.152,-12.927],[45.152,-12.927],[45.152,-12.927],[45.152,-12.926],[45.153,-12.926],[45.153,-12.926],[45.153,-12.926],[45.154,-12.926],[45.154,-12.925],[45.154,-12.925],[45.154,-12.925],[45.154,-12.925],[45.154,-12.925],[45.154,-12.925],[45.154,-12.924],[45.155,-12.924],[45.154,-12.924],[45.155,-12.923],[45.155,-12.924],[45.155,-12.924],[45.155,-12.923],[45.155,-12.923],[45.155,-12.923],[45.155,-12.923],[45.155,-12.922],[45.155,-12.922],[45.155,-12.922],[45.154,-12.921],[45.154,-12.921],[45.154,-12.921],[45.154,-12.92],[45.154,-12.92],[45.154,-12.919],[45.154,-12.919],[45.154,-12.919],[45.154,-12.918],[45.154,-12.918],[45.154,-12.918],[45.153,-12.917],[45.154,-12.917],[45.153,-12.917],[45.153,-12.917],[45.153,-12.916],[45.153,-12.916],[45.153,-12.916],[45.152,-12.916],[45.152,-12.916],[45.151,-12.916],[45.152,-12.915],[45.151,-12.915],[45.151,-12.915],[45.151,-12.915],[45.151,-12.915],[45.151,-12.915],[45.151,-12.915],[45.151,-12.914],[45.151,-12.915],[45.151,-12.914],[45.15,-12.914],[45.15,-12.914],[45.15,-12.914],[45.15,-12.913],[45.15,-12.913],[45.15,-12.913],[45.15,-12.913],[45.15,-12.912],[45.15,-12.912],[45.15,-12.912],[45.15,-12.912],[45.149,-12.912],[45.149,-12.912],[45.149,-12.912],[45.149,-12.912],[45.149,-12.911],[45.149,-12.911],[45.149,-12.911],[45.149,-12.911],[45.149,-12.91],[45.148,-12.91],[45.149,-12.91],[45.149,-12.91],[45.149,-12.909],[45.149,-12.909],[45.149,-12.908],[45.149,-12.908],[45.149,-12.908],[45.149,-12.908],[45.149,-12.907],[45.148,-12.908],[45.148,-12.907],[45.148,-12.908],[45.148,-12.908],[45.147,-12.908],[45.147,-12.908],[45.147,-12.907],[45.146,-12.907],[45.146,-12.907],[45.146,-12.906],[45.145,-12.906],[45.145,-12.906],[45.145,-12.906],[45.145,-12.906],[45.145,-12.905],[45.145,-12.905],[45.145,-12.905],[45.144,-12.905],[45.144,-12.905],[45.144,-12.904],[45.144,-12.904],[45.144,-12.904],[45.144,-12.904],[45.144,-12.904],[45.144,-12.903],[45.144,-12.903],[45.145,-12.903],[45.145,-12.902],[45.145,-12.902],[45.145,-12.902],[45.146,-12.902],[45.146,-12.901],[45.146,-12.901],[45.145,-12.901],[45.145,-12.9],[45.145,-12.9],[45.145,-12.9],[45.145,-12.9],[45.145,-12.9],[45.145,-12.9],[45.145,-12.9],[45.144,-12.899],[45.144,-12.899],[45.144,-12.899],[45.144,-12.898],[45.143,-12.898],[45.143,-12.897],[45.143,-12.897],[45.143,-12.896],[45.142,-12.896],[45.142,-12.896],[45.142,-12.896],[45.141,-12.895],[45.141,-12.895],[45.141,-12.895],[45.141,-12.895],[45.141,-12.895],[45.141,-12.895],[45.141,-12.895],[45.141,-12.896],[45.141,-12.896],[45.14,-12.896],[45.141,-12.896],[45.141,-12.897],[45.141,-12.897],[45.141,-12.897],[45.141,-12.897],[45.141,-12.898],[45.141,-12.898],[45.142,-12.898],[45.142,-12.899],[45.142,-12.899],[45.142,-12.899],[45.141,-12.898],[45.141,-12.898],[45.141,-12.898],[45.141,-12.898],[45.14,-12.897],[45.14,-12.897],[45.14,-12.897],[45.14,-12.896],[45.14,-12.895],[45.14,-12.895],[45.14,-12.895],[45.14,-12.894],[45.139,-12.894],[45.14,-12.894],[45.14,-12.894],[45.14,-12.894],[45.14,-12.894],[45.14,-12.894],[45.141,-12.894],[45.141,-12.894],[45.14,-12.893],[45.14,-12.893],[45.139,-12.893],[45.139,-12.893],[45.139,-12.892],[45.139,-12.892],[45.138,-12.891],[45.138,-12.891],[45.138,-12.891],[45.138,-12.891],[45.139,-12.891],[45.138,-12.891],[45.138,-12.891],[45.138,-12.891],[45.137,-12.89],[45.137,-12.89],[45.137,-12.89],[45.137,-12.89],[45.137,-12.89],[45.136,-12.89],[45.136,-12.89],[45.136,-12.89],[45.136,-12.89],[45.135,-12.889],[45.135,-12.889],[45.134,-12.889],[45.134,-12.889],[45.134,-12.889],[45.134,-12.889],[45.133,-12.889],[45.133,-12.889],[45.133,-12.889],[45.132,-12.889],[45.132,-12.889],[45.132,-12.888],[45.132,-12.888],[45.132,-12.887],[45.131,-12.887],[45.131,-12.886],[45.131,-12.886],[45.13,-12.885],[45.13,-12.885],[45.13,-12.885],[45.13,-12.884],[45.13,-12.885],[45.131,-12.885],[45.131,-12.884],[45.132,-12.884],[45.132,-12.884],[45.131,-12.884],[45.131,-12.884],[45.131,-12.884],[45.13,-12.884],[45.13,-12.884],[45.129,-12.884],[45.129,-12.884],[45.129,-12.884],[45.129,-12.884],[45.129,-12.884],[45.128,-12.884],[45.128,-12.883],[45.128,-12.883],[45.128,-12.883],[45.128,-12.883],[45.128,-12.883],[45.127,-12.883],[45.127,-12.882],[45.127,-12.882],[45.127,-12.882],[45.126,-12.882],[45.126,-12.882],[45.125,-12.882],[45.125,-12.882],[45.125,-12.882],[45.124,-12.882],[45.124,-12.882],[45.124,-12.882],[45.124,-12.882],[45.123,-12.882],[45.123,-12.881],[45.123,-12.881],[45.123,-12.881],[45.123,-12.88],[45.122,-12.88],[45.122,-12.88],[45.122,-12.88],[45.122,-12.88],[45.121,-12.878],[45.121,-12.878],[45.12,-12.878],[45.12,-12.878],[45.12,-12.878],[45.12,-12.877],[45.12,-12.877],[45.12,-12.877],[45.119,-12.877],[45.119,-12.877],[45.119,-12.877],[45.119,-12.876],[45.118,-12.876],[45.118,-12.875],[45.118,-12.875],[45.118,-12.875],[45.118,-12.874],[45.117,-12.874],[45.117,-12.874],[45.117,-12.874],[45.117,-12.873],[45.117,-12.873],[45.117,-12.873],[45.116,-12.873],[45.116,-12.872],[45.116,-12.872],[45.116,-12.871],[45.116,-12.871],[45.116,-12.871],[45.116,-12.871],[45.116,-12.87],[45.115,-12.87],[45.115,-12.87],[45.115,-12.869],[45.115,-12.869],[45.115,-12.869],[45.114,-12.868],[45.114,-12.868],[45.114,-12.867],[45.114,-12.867],[45.114,-12.867],[45.114,-12.867],[45.113,-12.866],[45.113,-12.866],[45.113,-12.865],[45.113,-12.865],[45.113,-12.865],[45.112,-12.865],[45.112,-12.864],[45.111,-12.864],[45.111,-12.864],[45.11,-12.864],[45.11,-12.864],[45.109,-12.864],[45.109,-12.864],[45.108,-12.863],[45.108,-12.863],[45.108,-12.863],[45.108,-12.863],[45.107,-12.863],[45.107,-12.863],[45.106,-12.863],[45.106,-12.863],[45.105,-12.863],[45.105,-12.863],[45.105,-12.863],[45.104,-12.863],[45.104,-12.863],[45.104,-12.863],[45.104,-12.862],[45.104,-12.862],[45.103,-12.861],[45.103,-12.861],[45.102,-12.861],[45.102,-12.861],[45.102,-12.861],[45.101,-12.861],[45.101,-12.861],[45.1,-12.861],[45.1,-12.86],[45.1,-12.86],[45.1,-12.86],[45.1,-12.859],[45.1,-12.859],[45.099,-12.858],[45.099,-12.858],[45.099,-12.858],[45.099,-12.858],[45.099,-12.858],[45.098,-12.857],[45.098,-12.856],[45.097,-12.856],[45.097,-12.855],[45.097,-12.855],[45.096,-12.855],[45.096,-12.855],[45.095,-12.854],[45.095,-12.854],[45.094,-12.854],[45.093,-12.853],[45.093,-12.853],[45.093,-12.853],[45.093,-12.853],[45.093,-12.853],[45.093,-12.852],[45.093,-12.852],[45.093,-12.851],[45.093,-12.851],[45.093,-12.851],[45.094,-12.851],[45.094,-12.85],[45.094,-12.851],[45.095,-12.851],[45.095,-12.851],[45.095,-12.851],[45.096,-12.851],[45.096,-12.851],[45.096,-12.851],[45.096,-12.851],[45.096,-12.851],[45.097,-12.851],[45.098,-12.85],[45.099,-12.85],[45.099,-12.85],[45.099,-12.849],[45.1,-12.848],[45.1,-12.848],[45.1,-12.848],[45.1,-12.847],[45.101,-12.847],[45.101,-12.846],[45.101,-12.846],[45.102,-12.845],[45.102,-12.845],[45.102,-12.845],[45.102,-12.845],[45.102,-12.844],[45.102,-12.844],[45.102,-12.844],[45.102,-12.844],[45.103,-12.844],[45.103,-12.844],[45.103,-12.844],[45.103,-12.844],[45.104,-12.844],[45.105,-12.844],[45.106,-12.845],[45.106,-12.845],[45.106,-12.845],[45.107,-12.844],[45.107,-12.844],[45.108,-12.844],[45.108,-12.844],[45.108,-12.844],[45.109,-12.844],[45.109,-12.844],[45.109,-12.844],[45.11,-12.844],[45.11,-12.844],[45.111,-12.844],[45.111,-12.844],[45.111,-12.844],[45.112,-12.844],[45.112,-12.844],[45.113,-12.844],[45.113,-12.844],[45.113,-12.844],[45.114,-12.844],[45.115,-12.844],[45.115,-12.844],[45.115,-12.844],[45.115,-12.844],[45.115,-12.844],[45.116,-12.844],[45.116,-12.844],[45.116,-12.844],[45.117,-12.843],[45.117,-12.843],[45.117,-12.843],[45.117,-12.842],[45.117,-12.842],[45.117,-12.842],[45.117,-12.842],[45.118,-12.842],[45.118,-12.841],[45.118,-12.841],[45.119,-12.841],[45.119,-12.841],[45.119,-12.841],[45.119,-12.84],[45.119,-12.84],[45.12,-12.84],[45.12,-12.84],[45.12,-12.84],[45.12,-12.84],[45.12,-12.84],[45.12,-12.84],[45.121,-12.84],[45.121,-12.84],[45.121,-12.84],[45.121,-12.84],[45.121,-12.84],[45.12,-12.84],[45.12,-12.84],[45.12,-12.839],[45.12,-12.839],[45.119,-12.839],[45.119,-12.839],[45.119,-12.839],[45.119,-12.839],[45.118,-12.839],[45.118,-12.839],[45.118,-12.839],[45.118,-12.839],[45.117,-12.839],[45.117,-12.839],[45.116,-12.839],[45.116,-12.839],[45.116,-12.839],[45.115,-12.838],[45.115,-12.838],[45.114,-12.838],[45.114,-12.838],[45.113,-12.837],[45.113,-12.837],[45.113,-12.837],[45.113,-12.837],[45.112,-12.837],[45.112,-12.837],[45.112,-12.837],[45.111,-12.837],[45.111,-12.837],[45.11,-12.837],[45.11,-12.837],[45.109,-12.837],[45.109,-12.836],[45.108,-12.836],[45.108,-12.836],[45.107,-12.836],[45.107,-12.836],[45.107,-12.836],[45.106,-12.836],[45.106,-12.836],[45.105,-12.836],[45.105,-12.836],[45.105,-12.836],[45.104,-12.835],[45.104,-12.835],[45.104,-12.836],[45.103,-12.836],[45.103,-12.835],[45.102,-12.835],[45.102,-12.835],[45.102,-12.835],[45.101,-12.835],[45.101,-12.835],[45.101,-12.834],[45.101,-12.834],[45.101,-12.833],[45.101,-12.833],[45.101,-12.832],[45.101,-12.831],[45.101,-12.831],[45.101,-12.831],[45.102,-12.83],[45.102,-12.83],[45.102,-12.83],[45.102,-12.83],[45.102,-12.829],[45.102,-12.829],[45.102,-12.828],[45.102,-12.828],[45.103,-12.828],[45.103,-12.827],[45.103,-12.827],[45.103,-12.827],[45.103,-12.826],[45.103,-12.826],[45.103,-12.825],[45.103,-12.825],[45.104,-12.825],[45.104,-12.825],[45.104,-12.824],[45.104,-12.824],[45.104,-12.824],[45.104,-12.823],[45.104,-12.823],[45.104,-12.822],[45.104,-12.822],[45.103,-12.821],[45.103,-12.821],[45.103,-12.821],[45.103,-12.821],[45.103,-12.821],[45.104,-12.821],[45.104,-12.82],[45.105,-12.82],[45.105,-12.82],[45.106,-12.82],[45.106,-12.82],[45.106,-12.82],[45.106,-12.82],[45.106,-12.819],[45.106,-12.819],[45.106,-12.819],[45.106,-12.818],[45.106,-12.817],[45.106,-12.816],[45.106,-12.815],[45.106,-12.815],[45.106,-12.815],[45.106,-12.814],[45.106,-12.814],[45.106,-12.814],[45.106,-12.814],[45.106,-12.813],[45.105,-12.814],[45.105,-12.814],[45.105,-12.813],[45.105,-12.813],[45.105,-12.813],[45.105,-12.813],[45.104,-12.812],[45.104,-12.812],[45.104,-12.811],[45.103,-12.811],[45.103,-12.811],[45.103,-12.811],[45.102,-12.811],[45.102,-12.811],[45.102,-12.811],[45.102,-12.811],[45.102,-12.811],[45.101,-12.811],[45.102,-12.811],[45.101,-12.81],[45.101,-12.809],[45.101,-12.809],[45.101,-12.809],[45.101,-12.808],[45.101,-12.808],[45.1,-12.808],[45.1,-12.808],[45.1,-12.808],[45.1,-12.808],[45.1,-12.807],[45.1,-12.807],[45.1,-12.807],[45.1,-12.807],[45.1,-12.807],[45.1,-12.806],[45.1,-12.806],[45.1,-12.805],[45.1,-12.805],[45.1,-12.805],[45.1,-12.804],[45.1,-12.804],[45.1,-12.804],[45.1,-12.804],[45.099,-12.804],[45.099,-12.804],[45.099,-12.803],[45.099,-12.803],[45.1,-12.803],[45.1,-12.803],[45.1,-12.802],[45.1,-12.802]]],[[[45.271,-12.793],[45.271,-12.793],[45.271,-12.793],[45.271,-12.793],[45.27,-12.793],[45.27,-12.792],[45.27,-12.792],[45.269,-12.792],[45.269,-12.792],[45.268,-12.791],[45.268,-12.791],[45.268,-12.791],[45.268,-12.79],[45.267,-12.79],[45.268,-12.79],[45.268,-12.79],[45.268,-12.79],[45.267,-12.789],[45.266,-12.789],[45.266,-12.789],[45.265,-12.789],[45.265,-12.789],[45.265,-12.788],[45.264,-12.788],[45.264,-12.788],[45.264,-12.788],[45.264,-12.787],[45.263,-12.787],[45.263,-12.787],[45.262,-12.787],[45.262,-12.788],[45.262,-12.788],[45.262,-12.788],[45.261,-12.788],[45.261,-12.788],[45.261,-12.788],[45.26,-12.788],[45.26,-12.788],[45.26,-12.787],[45.26,-12.787],[45.26,-12.787],[45.26,-12.786],[45.261,-12.786],[45.261,-12.786],[45.26,-12.786],[45.259,-12.785],[45.258,-12.784],[45.258,-12.784],[45.257,-12.784],[45.257,-12.784],[45.257,-12.784],[45.257,-12.784],[45.256,-12.784],[45.256,-12.784],[45.256,-12.784],[45.256,-12.784],[45.256,-12.784],[45.255,-12.783],[45.255,-12.783],[45.255,-12.783],[45.254,-12.783],[45.254,-12.783],[45.254,-12.783],[45.254,-12.783],[45.254,-12.783],[45.254,-12.783],[45.254,-12.783],[45.254,-12.783],[45.254,-12.782],[45.255,-12.782],[45.255,-12.782],[45.254,-12.781],[45.255,-12.781],[45.255,-12.781],[45.255,-12.781],[45.256,-12.78],[45.256,-12.78],[45.257,-12.78],[45.257,-12.781],[45.257,-12.781],[45.257,-12.781],[45.257,-12.781],[45.258,-12.782],[45.258,-12.782],[45.258,-12.782],[45.258,-12.782],[45.258,-12.783],[45.258,-12.784],[45.259,-12.784],[45.259,-12.785],[45.26,-12.784],[45.26,-12.784],[45.26,-12.785],[45.26,-12.785],[45.261,-12.785],[45.261,-12.785],[45.261,-12.785],[45.261,-12.786],[45.261,-12.786],[45.262,-12.786],[45.262,-12.786],[45.263,-12.787],[45.263,-12.787],[45.264,-12.787],[45.264,-12.787],[45.264,-12.787],[45.265,-12.787],[45.265,-12.788],[45.265,-12.788],[45.265,-12.788],[45.265,-12.788],[45.266,-12.789],[45.267,-12.789],[45.267,-12.79],[45.268,-12.789],[45.268,-12.789],[45.268,-12.789],[45.268,-12.789],[45.268,-12.788],[45.268,-12.787],[45.268,-12.787],[45.268,-12.787],[45.269,-12.787],[45.269,-12.786],[45.269,-12.786],[45.27,-12.786],[45.27,-12.786],[45.271,-12.786],[45.271,-12.786],[45.271,-12.786],[45.272,-12.786],[45.272,-12.786],[45.271,-12.785],[45.271,-12.785],[45.271,-12.785],[45.271,-12.785],[45.271,-12.785],[45.272,-12.785],[45.272,-12.784],[45.271,-12.784],[45.271,-12.783],[45.271,-12.783],[45.271,-12.783],[45.272,-12.783],[45.272,-12.783],[45.272,-12.783],[45.272,-12.783],[45.272,-12.782],[45.272,-12.782],[45.272,-12.782],[45.272,-12.782],[45.273,-12.782],[45.273,-12.782],[45.273,-12.781],[45.273,-12.78],[45.273,-12.78],[45.273,-12.78],[45.274,-12.78],[45.274,-12.779],[45.274,-12.779],[45.274,-12.779],[45.274,-12.779],[45.274,-12.778],[45.274,-12.778],[45.275,-12.778],[45.274,-12.777],[45.275,-12.777],[45.274,-12.777],[45.274,-12.777],[45.274,-12.776],[45.275,-12.776],[45.275,-12.776],[45.275,-12.775],[45.275,-12.775],[45.275,-12.775],[45.275,-12.775],[45.276,-12.775],[45.275,-12.775],[45.276,-12.774],[45.276,-12.774],[45.276,-12.774],[45.277,-12.774],[45.277,-12.774],[45.277,-12.773],[45.277,-12.773],[45.277,-12.773],[45.277,-12.773],[45.277,-12.773],[45.275,-12.771],[45.275,-12.771],[45.276,-12.771],[45.276,-12.771],[45.276,-12.77],[45.277,-12.77],[45.277,-12.769],[45.278,-12.769],[45.278,-12.769],[45.278,-12.768],[45.279,-12.768],[45.279,-12.767],[45.279,-12.767],[45.279,-12.767],[45.28,-12.766],[45.28,-12.766],[45.281,-12.765],[45.281,-12.765],[45.282,-12.764],[45.282,-12.763],[45.282,-12.762],[45.283,-12.762],[45.283,-12.762],[45.283,-12.762],[45.283,-12.761],[45.284,-12.761],[45.284,-12.761],[45.284,-12.76],[45.284,-12.76],[45.284,-12.759],[45.284,-12.759],[45.284,-12.759],[45.285,-12.759],[45.285,-12.759],[45.286,-12.76],[45.286,-12.76],[45.286,-12.76],[45.286,-12.761],[45.286,-12.761],[45.287,-12.762],[45.287,-12.762],[45.287,-12.763],[45.287,-12.763],[45.288,-12.763],[45.288,-12.764],[45.289,-12.764],[45.289,-12.764],[45.289,-12.765],[45.289,-12.766],[45.29,-12.766],[45.29,-12.766],[45.29,-12.766],[45.29,-12.766],[45.291,-12.766],[45.291,-12.766],[45.291,-12.767],[45.292,-12.767],[45.292,-12.767],[45.292,-12.767],[45.292,-12.768],[45.292,-12.768],[45.293,-12.768],[45.293,-12.768],[45.293,-12.769],[45.293,-12.769],[45.293,-12.769],[45.293,-12.769],[45.293,-12.769],[45.293,-12.77],[45.294,-12.77],[45.294,-12.771],[45.294,-12.771],[45.294,-12.771],[45.294,-12.771],[45.294,-12.772],[45.294,-12.772],[45.294,-12.772],[45.294,-12.773],[45.294,-12.773],[45.294,-12.773],[45.294,-12.774],[45.294,-12.774],[45.294,-12.775],[45.294,-12.775],[45.294,-12.776],[45.294,-12.776],[45.295,-12.776],[45.295,-12.776],[45.295,-12.777],[45.295,-12.777],[45.296,-12.777],[45.296,-12.777],[45.296,-12.777],[45.296,-12.777],[45.296,-12.777],[45.297,-12.777],[45.297,-12.777],[45.297,-12.778],[45.297,-12.778],[45.297,-12.778],[45.297,-12.778],[45.298,-12.779],[45.298,-12.779],[45.298,-12.779],[45.298,-12.779],[45.298,-12.779],[45.298,-12.78],[45.298,-12.78],[45.298,-12.78],[45.298,-12.781],[45.297,-12.78],[45.297,-12.78],[45.296,-12.78],[45.296,-12.78],[45.296,-12.78],[45.296,-12.781],[45.296,-12.781],[45.296,-12.782],[45.296,-12.782],[45.296,-12.783],[45.296,-12.783],[45.297,-12.783],[45.297,-12.783],[45.298,-12.783],[45.298,-12.783],[45.298,-12.783],[45.298,-12.783],[45.299,-12.782],[45.298,-12.782],[45.299,-12.782],[45.299,-12.782],[45.299,-12.782],[45.299,-12.782],[45.299,-12.783],[45.3,-12.783],[45.3,-12.783],[45.3,-12.784],[45.3,-12.784],[45.3,-12.784],[45.3,-12.784],[45.3,-12.785],[45.3,-12.785],[45.299,-12.785],[45.299,-12.785],[45.299,-12.785],[45.299,-12.784],[45.298,-12.784],[45.298,-12.784],[45.298,-12.783],[45.298,-12.783],[45.297,-12.783],[45.297,-12.784],[45.296,-12.784],[45.296,-12.785],[45.296,-12.785],[45.296,-12.785],[45.295,-12.786],[45.295,-12.786],[45.296,-12.786],[45.296,-12.786],[45.296,-12.786],[45.296,-12.787],[45.296,-12.787],[45.295,-12.786],[45.295,-12.787],[45.294,-12.787],[45.294,-12.788],[45.294,-12.788],[45.294,-12.788],[45.294,-12.788],[45.294,-12.789],[45.294,-12.789],[45.295,-12.79],[45.295,-12.79],[45.295,-12.79],[45.295,-12.79],[45.295,-12.79],[45.295,-12.79],[45.296,-12.79],[45.296,-12.791],[45.296,-12.791],[45.296,-12.792],[45.295,-12.792],[45.295,-12.792],[45.295,-12.792],[45.295,-12.793],[45.295,-12.793],[45.295,-12.793],[45.295,-12.794],[45.296,-12.794],[45.296,-12.794],[45.297,-12.794],[45.297,-12.794],[45.297,-12.794],[45.297,-12.794],[45.297,-12.794],[45.297,-12.795],[45.297,-12.795],[45.297,-12.795],[45.297,-12.796],[45.296,-12.796],[45.296,-12.797],[45.295,-12.797],[45.295,-12.797],[45.295,-12.798],[45.294,-12.798],[45.294,-12.798],[45.294,-12.799],[45.293,-12.799],[45.293,-12.799],[45.293,-12.799],[45.293,-12.799],[45.293,-12.799],[45.292,-12.8],[45.292,-12.8],[45.292,-12.799],[45.291,-12.799],[45.291,-12.799],[45.291,-12.799],[45.29,-12.799],[45.29,-12.799],[45.289,-12.799],[45.289,-12.799],[45.289,-12.799],[45.288,-12.799],[45.288,-12.799],[45.288,-12.799],[45.287,-12.8],[45.287,-12.8],[45.287,-12.8],[45.287,-12.8],[45.286,-12.801],[45.286,-12.801],[45.286,-12.801],[45.286,-12.802],[45.285,-12.802],[45.285,-12.803],[45.285,-12.803],[45.285,-12.803],[45.285,-12.804],[45.285,-12.804],[45.284,-12.805],[45.284,-12.805],[45.284,-12.806],[45.284,-12.807],[45.284,-12.808],[45.284,-12.809],[45.284,-12.809],[45.284,-12.81],[45.284,-12.811],[45.284,-12.811],[45.285,-12.812],[45.285,-12.813],[45.286,-12.814],[45.287,-12.815],[45.288,-12.817],[45.288,-12.817],[45.288,-12.817],[45.286,-12.818],[45.286,-12.818],[45.286,-12.818],[45.286,-12.818],[45.286,-12.817],[45.286,-12.817],[45.285,-12.816],[45.284,-12.815],[45.284,-12.814],[45.284,-12.814],[45.283,-12.814],[45.283,-12.814],[45.283,-12.813],[45.282,-12.813],[45.281,-12.813],[45.281,-12.813],[45.281,-12.813],[45.28,-12.813],[45.28,-12.812],[45.28,-12.812],[45.279,-12.812],[45.279,-12.812],[45.279,-12.811],[45.279,-12.811],[45.279,-12.81],[45.279,-12.81],[45.279,-12.809],[45.279,-12.808],[45.279,-12.808],[45.279,-12.808],[45.279,-12.807],[45.279,-12.807],[45.279,-12.806],[45.279,-12.806],[45.279,-12.806],[45.279,-12.805],[45.278,-12.804],[45.277,-12.802],[45.277,-12.802],[45.277,-12.801],[45.277,-12.801],[45.276,-12.801],[45.275,-12.8],[45.274,-12.799],[45.274,-12.799],[45.273,-12.799],[45.273,-12.799],[45.273,-12.798],[45.273,-12.798],[45.273,-12.797],[45.273,-12.797],[45.273,-12.796],[45.273,-12.796],[45.272,-12.796],[45.272,-12.796],[45.272,-12.795],[45.272,-12.795],[45.272,-12.794],[45.272,-12.794],[45.272,-12.794],[45.271,-12.794],[45.271,-12.793]]],[[[45.238,-12.81],[45.238,-12.81],[45.238,-12.81],[45.238,-12.81],[45.239,-12.81],[45.239,-12.81],[45.239,-12.81],[45.239,-12.81],[45.239,-12.81],[45.239,-12.81],[45.239,-12.81],[45.24,-12.811],[45.24,-12.811],[45.24,-12.811],[45.24,-12.811],[45.24,-12.812],[45.24,-12.812],[45.24,-12.812],[45.24,-12.813],[45.24,-12.813],[45.24,-12.813],[45.24,-12.813],[45.24,-12.813],[45.239,-12.814],[45.239,-12.814],[45.239,-12.814],[45.239,-12.814],[45.239,-12.814],[45.239,-12.814],[45.238,-12.814],[45.238,-12.814],[45.238,-12.814],[45.238,-12.815],[45.238,-12.815],[45.238,-12.815],[45.238,-12.815],[45.237,-12.815],[45.237,-12.815],[45.237,-12.815],[45.237,-12.816],[45.237,-12.816],[45.236,-12.816],[45.236,-12.816],[45.236,-12.816],[45.236,-12.816],[45.236,-12.816],[45.235,-12.816],[45.235,-12.816],[45.235,-12.816],[45.235,-12.816],[45.234,-12.817],[45.234,-12.817],[45.234,-12.817],[45.234,-12.817],[45.234,-12.817],[45.233,-12.817],[45.233,-12.817],[45.233,-12.817],[45.233,-12.817],[45.233,-12.816],[45.233,-12.816],[45.233,-12.815],[45.233,-12.815],[45.233,-12.815],[45.233,-12.814],[45.233,-12.814],[45.232,-12.814],[45.232,-12.814],[45.231,-12.814],[45.231,-12.814],[45.231,-12.814],[45.231,-12.814],[45.231,-12.814],[45.231,-12.813],[45.231,-12.813],[45.231,-12.813],[45.231,-12.812],[45.232,-12.812],[45.232,-12.812],[45.232,-12.811],[45.232,-12.811],[45.232,-12.811],[45.232,-12.81],[45.232,-12.81],[45.232,-12.81],[45.232,-12.81],[45.232,-12.809],[45.232,-12.809],[45.232,-12.809],[45.232,-12.809],[45.231,-12.809],[45.231,-12.808],[45.231,-12.808],[45.231,-12.808],[45.231,-12.808],[45.231,-12.808],[45.231,-12.807],[45.231,-12.807],[45.231,-12.807],[45.232,-12.807],[45.232,-12.807],[45.232,-12.806],[45.232,-12.806],[45.233,-12.806],[45.233,-12.806],[45.233,-12.806],[45.233,-12.805],[45.234,-12.805],[45.234,-12.805],[45.234,-12.805],[45.235,-12.805],[45.235,-12.805],[45.235,-12.805],[45.235,-12.805],[45.236,-12.805],[45.236,-12.805],[45.236,-12.805],[45.236,-12.805],[45.236,-12.805],[45.236,-12.805],[45.236,-12.806],[45.236,-12.807],[45.237,-12.807],[45.237,-12.808],[45.237,-12.808],[45.237,-12.808],[45.237,-12.808],[45.238,-12.808],[45.237,-12.808],[45.237,-12.808],[45.237,-12.809],[45.237,-12.809],[45.237,-12.809],[45.237,-12.81],[45.237,-12.81],[45.237,-12.81],[45.237,-12.81],[45.238,-12.809],[45.238,-12.81]]],[[[45.269,-12.78],[45.269,-12.781],[45.269,-12.781],[45.268,-12.781],[45.268,-12.781],[45.268,-12.781],[45.268,-12.781],[45.268,-12.781],[45.268,-12.781],[45.267,-12.782],[45.267,-12.782],[45.266,-12.781],[45.266,-12.781],[45.266,-12.781],[45.266,-12.781],[45.266,-12.781],[45.266,-12.78],[45.266,-12.78],[45.266,-12.78],[45.267,-12.779],[45.267,-12.779],[45.267,-12.779],[45.268,-12.779],[45.268,-12.779],[45.268,-12.779],[45.268,-12.78],[45.269,-12.78],[45.269,-12.78],[45.269,-12.78],[45.269,-12.78],[45.269,-12.78]]],[[[45.207,-12.81],[45.207,-12.81],[45.206,-12.811],[45.206,-12.811],[45.206,-12.812],[45.205,-12.812],[45.205,-12.812],[45.205,-12.812],[45.205,-12.811],[45.205,-12.811],[45.204,-12.811],[45.205,-12.81],[45.204,-12.81],[45.205,-12.81],[45.205,-12.81],[45.205,-12.81],[45.205,-12.81],[45.205,-12.81],[45.205,-12.81],[45.205,-12.81],[45.205,-12.809],[45.205,-12.809],[45.206,-12.809],[45.206,-12.809],[45.207,-12.809],[45.207,-12.809],[45.207,-12.809],[45.208,-12.809],[45.208,-12.809],[45.209,-12.808],[45.209,-12.808],[45.209,-12.807],[45.209,-12.807],[45.209,-12.807],[45.21,-12.807],[45.21,-12.807],[45.21,-12.808],[45.21,-12.808],[45.209,-12.808],[45.208,-12.809],[45.207,-12.809],[45.207,-12.81]]],[[[45.271,-12.778],[45.271,-12.778],[45.271,-12.778],[45.27,-12.778],[45.27,-12.778],[45.27,-12.778],[45.27,-12.778],[45.269,-12.778],[45.269,-12.778],[45.27,-12.778],[45.27,-12.777],[45.27,-12.777],[45.27,-12.777],[45.27,-12.777],[45.27,-12.777],[45.271,-12.778]]]]},"properties":{"code":"976","nom":"Mayotte"}},{"type":"Feature","geometry":{"type":"MultiPolygon","coordinates":[[[[55.569,-21.377],[55.568,-21.377],[55.567,-21.377],[55.568,-21.376],[55.569,-21.377]]],[[[55.254,-21.11],[55.252,-21.109],[55.249,-21.107],[55.248,-21.106],[55.248,-21.105],[55.246,-21.102],[55.244,-21.101],[55.242,-21.1],[55.238,-21.097],[55.235,-21.095],[55.231,-21.091],[55.228,-21.088],[55.226,-21.084],[55.226,-21.084],[55.222,-21.08],[55.221,-21.077],[55.22,-21.074],[55.221,-21.07],[55.221,-21.067],[55.221,-21.066],[55.222,-21.063],[55.222,-21.058],[55.223,-21.056],[55.223,-21.056],[55.225,-21.055],[55.226,-21.053],[55.224,-21.055],[55.224,-21.053],[55.222,-21.051],[55.221,-21.05],[55.22,-21.047],[55.218,-21.045],[55.217,-21.04],[55.217,-21.038],[55.217,-21.036],[55.219,-21.035],[55.221,-21.032],[55.223,-21.031],[55.225,-21.029],[55.226,-21.028],[55.226,-21.027],[55.227,-21.027],[55.23,-21.023],[55.232,-21.021],[55.233,-21.02],[55.234,-21.019],[55.235,-21.018],[55.236,-21.018],[55.237,-21.018],[55.238,-21.018],[55.239,-21.019],[55.243,-21.019],[55.244,-21.019],[55.245,-21.02],[55.246,-21.02],[55.25,-21.019],[55.255,-21.017],[55.257,-21.016],[55.259,-21.015],[55.263,-21.013],[55.263,-21.012],[55.266,-21.01],[55.27,-21.008],[55.272,-21.005],[55.274,-21.003],[55.275,-21.003],[55.277,-21.001],[55.279,-20.997],[55.28,-20.994],[55.281,-20.991],[55.281,-20.988],[55.282,-20.983],[55.283,-20.98],[55.283,-20.978],[55.283,-20.973],[55.282,-20.971],[55.281,-20.968],[55.28,-20.965],[55.279,-20.963],[55.278,-20.96],[55.277,-20.957],[55.277,-20.955],[55.278,-20.952],[55.28,-20.95],[55.281,-20.949],[55.281,-20.947],[55.281,-20.945],[55.281,-20.944],[55.282,-20.94],[55.281,-20.937],[55.284,-20.938],[55.283,-20.938],[55.283,-20.942],[55.282,-20.942],[55.282,-20.945],[55.282,-20.945],[55.284,-20.944],[55.284,-20.943],[55.283,-20.941],[55.284,-20.94],[55.284,-20.939],[55.286,-20.939],[55.285,-20.94],[55.286,-20.941],[55.287,-20.939],[55.288,-20.939],[55.288,-20.937],[55.287,-20.936],[55.287,-20.935],[55.289,-20.935],[55.289,-20.935],[55.288,-20.934],[55.288,-20.933],[55.29,-20.934],[55.29,-20.933],[55.287,-20.932],[55.287,-20.931],[55.288,-20.932],[55.288,-20.931],[55.286,-20.931],[55.285,-20.932],[55.286,-20.933],[55.285,-20.935],[55.286,-20.935],[55.286,-20.936],[55.283,-20.935],[55.284,-20.934],[55.284,-20.934],[55.284,-20.933],[55.284,-20.932],[55.284,-20.929],[55.283,-20.927],[55.284,-20.926],[55.287,-20.924],[55.288,-20.924],[55.29,-20.923],[55.291,-20.924],[55.294,-20.926],[55.299,-20.928],[55.301,-20.929],[55.304,-20.929],[55.308,-20.929],[55.311,-20.929],[55.311,-20.929],[55.318,-20.928],[55.319,-20.929],[55.319,-20.931],[55.315,-20.932],[55.314,-20.932],[55.315,-20.933],[55.319,-20.933],[55.321,-20.934],[55.322,-20.935],[55.323,-20.935],[55.325,-20.935],[55.325,-20.935],[55.325,-20.93],[55.323,-20.929],[55.323,-20.928],[55.322,-20.926],[55.322,-20.926],[55.324,-20.929],[55.326,-20.928],[55.328,-20.928],[55.33,-20.928],[55.333,-20.926],[55.337,-20.925],[55.342,-20.923],[55.345,-20.922],[55.346,-20.921],[55.348,-20.918],[55.35,-20.915],[55.351,-20.914],[55.351,-20.912],[55.352,-20.911],[55.358,-20.909],[55.36,-20.908],[55.363,-20.906],[55.367,-20.902],[55.367,-20.901],[55.37,-20.899],[55.371,-20.898],[55.375,-20.897],[55.377,-20.895],[55.379,-20.893],[55.381,-20.892],[55.385,-20.891],[55.387,-20.889],[55.39,-20.887],[55.393,-20.884],[55.395,-20.882],[55.401,-20.88],[55.404,-20.88],[55.408,-20.879],[55.411,-20.878],[55.417,-20.876],[55.419,-20.875],[55.421,-20.874],[55.426,-20.874],[55.431,-20.875],[55.433,-20.876],[55.436,-20.876],[55.439,-20.877],[55.44,-20.877],[55.443,-20.875],[55.445,-20.875],[55.448,-20.872],[55.451,-20.872],[55.453,-20.873],[55.458,-20.877],[55.461,-20.88],[55.464,-20.881],[55.466,-20.883],[55.47,-20.884],[55.471,-20.885],[55.473,-20.884],[55.475,-20.885],[55.477,-20.885],[55.481,-20.885],[55.482,-20.885],[55.485,-20.886],[55.49,-20.886],[55.491,-20.885],[55.497,-20.883],[55.501,-20.883],[55.503,-20.882],[55.507,-20.883],[55.511,-20.884],[55.512,-20.885],[55.514,-20.886],[55.517,-20.887],[55.52,-20.888],[55.528,-20.89],[55.537,-20.891],[55.536,-20.892],[55.535,-20.893],[55.538,-20.893],[55.542,-20.895],[55.545,-20.895],[55.547,-20.895],[55.551,-20.895],[55.552,-20.894],[55.554,-20.894],[55.555,-20.893],[55.557,-20.892],[55.559,-20.892],[55.561,-20.892],[55.563,-20.892],[55.564,-20.892],[55.567,-20.893],[55.568,-20.893],[55.57,-20.893],[55.574,-20.894],[55.575,-20.895],[55.579,-20.897],[55.582,-20.898],[55.584,-20.898],[55.586,-20.897],[55.589,-20.896],[55.591,-20.896],[55.592,-20.896],[55.594,-20.897],[55.597,-20.898],[55.601,-20.899],[55.603,-20.901],[55.604,-20.903],[55.606,-20.904],[55.61,-20.906],[55.612,-20.907],[55.616,-20.908],[55.619,-20.91],[55.621,-20.911],[55.622,-20.911],[55.627,-20.911],[55.629,-20.911],[55.635,-20.913],[55.64,-20.913],[55.648,-20.916],[55.651,-20.917],[55.657,-20.921],[55.66,-20.922],[55.661,-20.924],[55.665,-20.925],[55.666,-20.926],[55.667,-20.929],[55.668,-20.93],[55.669,-20.932],[55.67,-20.933],[55.674,-20.937],[55.679,-20.941],[55.681,-20.943],[55.683,-20.944],[55.683,-20.944],[55.684,-20.946],[55.688,-20.951],[55.688,-20.953],[55.689,-20.955],[55.691,-20.957],[55.691,-20.958],[55.693,-20.962],[55.696,-20.964],[55.697,-20.966],[55.697,-20.967],[55.698,-20.969],[55.699,-20.972],[55.699,-20.975],[55.701,-20.979],[55.7,-20.985],[55.7,-20.987],[55.7,-20.99],[55.7,-20.991],[55.7,-20.994],[55.7,-21.003],[55.701,-21.005],[55.701,-21.011],[55.702,-21.013],[55.702,-21.016],[55.703,-21.018],[55.703,-21.019],[55.705,-21.019],[55.705,-21.02],[55.704,-21.021],[55.705,-21.024],[55.707,-21.027],[55.708,-21.028],[55.709,-21.029],[55.714,-21.03],[55.715,-21.03],[55.718,-21.032],[55.72,-21.035],[55.721,-21.035],[55.721,-21.037],[55.723,-21.039],[55.724,-21.039],[55.726,-21.045],[55.73,-21.048],[55.731,-21.048],[55.732,-21.05],[55.731,-21.054],[55.731,-21.057],[55.731,-21.06],[55.732,-21.062],[55.736,-21.067],[55.737,-21.069],[55.739,-21.072],[55.741,-21.074],[55.744,-21.077],[55.748,-21.082],[55.751,-21.084],[55.754,-21.088],[55.756,-21.089],[55.759,-21.093],[55.761,-21.099],[55.763,-21.101],[55.765,-21.103],[55.767,-21.104],[55.77,-21.105],[55.771,-21.107],[55.773,-21.11],[55.777,-21.116],[55.777,-21.116],[55.778,-21.119],[55.78,-21.122],[55.782,-21.123],[55.782,-21.123],[55.784,-21.125],[55.786,-21.126],[55.788,-21.126],[55.789,-21.125],[55.792,-21.124],[55.793,-21.125],[55.794,-21.125],[55.8,-21.127],[55.803,-21.13],[55.805,-21.132],[55.807,-21.133],[55.808,-21.134],[55.807,-21.135],[55.808,-21.136],[55.81,-21.137],[55.812,-21.138],[55.814,-21.139],[55.816,-21.139],[55.817,-21.139],[55.819,-21.14],[55.821,-21.141],[55.822,-21.141],[55.823,-21.142],[55.824,-21.142],[55.824,-21.143],[55.826,-21.144],[55.827,-21.145],[55.826,-21.147],[55.826,-21.147],[55.828,-21.148],[55.827,-21.149],[55.828,-21.153],[55.829,-21.153],[55.83,-21.154],[55.831,-21.155],[55.831,-21.156],[55.832,-21.157],[55.832,-21.158],[55.834,-21.16],[55.835,-21.16],[55.835,-21.163],[55.835,-21.164],[55.833,-21.166],[55.833,-21.168],[55.833,-21.171],[55.833,-21.171],[55.834,-21.177],[55.835,-21.178],[55.835,-21.18],[55.837,-21.183],[55.837,-21.183],[55.836,-21.184],[55.834,-21.185],[55.833,-21.186],[55.832,-21.186],[55.831,-21.186],[55.829,-21.186],[55.827,-21.186],[55.826,-21.186],[55.825,-21.19],[55.825,-21.19],[55.825,-21.193],[55.825,-21.194],[55.825,-21.196],[55.825,-21.197],[55.825,-21.198],[55.825,-21.199],[55.826,-21.2],[55.825,-21.203],[55.823,-21.206],[55.821,-21.208],[55.819,-21.209],[55.817,-21.211],[55.814,-21.214],[55.814,-21.215],[55.814,-21.217],[55.813,-21.217],[55.813,-21.219],[55.813,-21.22],[55.813,-21.222],[55.811,-21.223],[55.81,-21.225],[55.809,-21.228],[55.808,-21.233],[55.808,-21.234],[55.809,-21.235],[55.808,-21.239],[55.807,-21.241],[55.806,-21.242],[55.805,-21.244],[55.805,-21.248],[55.805,-21.251],[55.804,-21.253],[55.803,-21.255],[55.803,-21.256],[55.802,-21.258],[55.802,-21.26],[55.802,-21.262],[55.803,-21.266],[55.803,-21.267],[55.803,-21.269],[55.804,-21.272],[55.804,-21.273],[55.803,-21.275],[55.803,-21.276],[55.804,-21.279],[55.805,-21.279],[55.805,-21.282],[55.807,-21.285],[55.808,-21.287],[55.808,-21.288],[55.808,-21.291],[55.807,-21.292],[55.806,-21.293],[55.805,-21.296],[55.806,-21.298],[55.805,-21.299],[55.805,-21.302],[55.805,-21.303],[55.805,-21.305],[55.805,-21.306],[55.805,-21.307],[55.805,-21.307],[55.804,-21.309],[55.804,-21.31],[55.804,-21.311],[55.804,-21.313],[55.805,-21.314],[55.805,-21.316],[55.805,-21.317],[55.806,-21.319],[55.805,-21.32],[55.806,-21.326],[55.809,-21.33],[55.809,-21.331],[55.808,-21.333],[55.807,-21.337],[55.806,-21.338],[55.805,-21.34],[55.802,-21.343],[55.8,-21.345],[55.799,-21.348],[55.797,-21.349],[55.797,-21.351],[55.796,-21.351],[55.792,-21.352],[55.793,-21.353],[55.791,-21.354],[55.789,-21.355],[55.789,-21.355],[55.786,-21.357],[55.786,-21.357],[55.783,-21.359],[55.782,-21.361],[55.781,-21.362],[55.78,-21.362],[55.778,-21.363],[55.777,-21.363],[55.776,-21.364],[55.775,-21.366],[55.772,-21.365],[55.771,-21.366],[55.769,-21.365],[55.769,-21.366],[55.767,-21.365],[55.767,-21.364],[55.764,-21.364],[55.763,-21.364],[55.762,-21.364],[55.76,-21.364],[55.759,-21.364],[55.756,-21.363],[55.755,-21.364],[55.754,-21.364],[55.753,-21.366],[55.751,-21.367],[55.751,-21.368],[55.75,-21.367],[55.748,-21.368],[55.747,-21.369],[55.746,-21.368],[55.743,-21.369],[55.741,-21.369],[55.74,-21.369],[55.737,-21.369],[55.736,-21.369],[55.735,-21.369],[55.734,-21.369],[55.733,-21.37],[55.731,-21.37],[55.73,-21.369],[55.727,-21.37],[55.723,-21.372],[55.722,-21.373],[55.718,-21.374],[55.717,-21.375],[55.714,-21.375],[55.711,-21.375],[55.709,-21.376],[55.709,-21.377],[55.706,-21.376],[55.704,-21.376],[55.703,-21.377],[55.7,-21.377],[55.698,-21.376],[55.696,-21.376],[55.693,-21.376],[55.693,-21.376],[55.69,-21.376],[55.686,-21.375],[55.682,-21.375],[55.679,-21.375],[55.678,-21.376],[55.677,-21.379],[55.677,-21.38],[55.676,-21.379],[55.675,-21.38],[55.675,-21.381],[55.673,-21.382],[55.671,-21.384],[55.669,-21.384],[55.667,-21.383],[55.666,-21.384],[55.664,-21.382],[55.661,-21.383],[55.659,-21.383],[55.655,-21.385],[55.653,-21.386],[55.651,-21.387],[55.649,-21.389],[55.648,-21.389],[55.647,-21.389],[55.645,-21.389],[55.643,-21.388],[55.643,-21.386],[55.642,-21.384],[55.638,-21.383],[55.633,-21.383],[55.628,-21.383],[55.626,-21.383],[55.623,-21.384],[55.619,-21.386],[55.615,-21.386],[55.614,-21.386],[55.612,-21.387],[55.611,-21.387],[55.609,-21.387],[55.605,-21.385],[55.603,-21.384],[55.6,-21.381],[55.599,-21.379],[55.598,-21.379],[55.596,-21.379],[55.594,-21.377],[55.592,-21.377],[55.591,-21.376],[55.59,-21.376],[55.589,-21.374],[55.589,-21.374],[55.588,-21.373],[55.587,-21.372],[55.586,-21.372],[55.585,-21.372],[55.582,-21.373],[55.579,-21.374],[55.577,-21.374],[55.576,-21.375],[55.576,-21.376],[55.572,-21.376],[55.569,-21.375],[55.567,-21.374],[55.565,-21.373],[55.563,-21.372],[55.561,-21.373],[55.559,-21.373],[55.559,-21.372],[55.558,-21.372],[55.557,-21.372],[55.555,-21.371],[55.554,-21.371],[55.553,-21.372],[55.552,-21.373],[55.551,-21.374],[55.55,-21.373],[55.55,-21.371],[55.55,-21.371],[55.546,-21.368],[55.545,-21.367],[55.543,-21.368],[55.542,-21.367],[55.541,-21.367],[55.541,-21.366],[55.539,-21.365],[55.539,-21.364],[55.537,-21.363],[55.532,-21.363],[55.527,-21.362],[55.525,-21.361],[55.524,-21.361],[55.523,-21.361],[55.521,-21.359],[55.519,-21.359],[55.519,-21.358],[55.517,-21.358],[55.516,-21.358],[55.515,-21.357],[55.514,-21.357],[55.51,-21.355],[55.508,-21.355],[55.508,-21.354],[55.507,-21.354],[55.505,-21.353],[55.503,-21.352],[55.501,-21.351],[55.498,-21.35],[55.497,-21.351],[55.495,-21.35],[55.492,-21.35],[55.49,-21.351],[55.488,-21.35],[55.487,-21.351],[55.487,-21.351],[55.484,-21.352],[55.484,-21.35],[55.483,-21.349],[55.482,-21.349],[55.481,-21.348],[55.48,-21.347],[55.48,-21.346],[55.479,-21.344],[55.478,-21.344],[55.476,-21.344],[55.475,-21.344],[55.47,-21.345],[55.468,-21.344],[55.467,-21.343],[55.464,-21.342],[55.461,-21.342],[55.46,-21.341],[55.456,-21.338],[55.456,-21.337],[55.454,-21.335],[55.455,-21.332],[55.449,-21.328],[55.445,-21.328],[55.444,-21.329],[55.443,-21.328],[55.442,-21.328],[55.44,-21.328],[55.436,-21.327],[55.435,-21.327],[55.431,-21.326],[55.43,-21.326],[55.428,-21.326],[55.425,-21.324],[55.42,-21.322],[55.417,-21.32],[55.415,-21.318],[55.413,-21.316],[55.412,-21.314],[55.411,-21.313],[55.41,-21.311],[55.409,-21.309],[55.409,-21.308],[55.406,-21.305],[55.403,-21.303],[55.403,-21.302],[55.399,-21.299],[55.398,-21.298],[55.398,-21.297],[55.397,-21.296],[55.394,-21.294],[55.391,-21.293],[55.391,-21.292],[55.387,-21.291],[55.386,-21.29],[55.382,-21.289],[55.378,-21.287],[55.37,-21.286],[55.368,-21.285],[55.367,-21.285],[55.366,-21.284],[55.364,-21.284],[55.362,-21.284],[55.361,-21.283],[55.359,-21.284],[55.356,-21.283],[55.352,-21.282],[55.351,-21.283],[55.347,-21.282],[55.345,-21.282],[55.344,-21.281],[55.342,-21.281],[55.341,-21.282],[55.339,-21.281],[55.338,-21.279],[55.335,-21.278],[55.333,-21.275],[55.332,-21.273],[55.333,-21.271],[55.334,-21.271],[55.335,-21.27],[55.334,-21.269],[55.333,-21.266],[55.332,-21.265],[55.332,-21.263],[55.332,-21.261],[55.331,-21.259],[55.329,-21.257],[55.327,-21.256],[55.325,-21.254],[55.322,-21.253],[55.321,-21.253],[55.32,-21.253],[55.32,-21.252],[55.321,-21.251],[55.321,-21.249],[55.319,-21.247],[55.315,-21.245],[55.314,-21.245],[55.313,-21.244],[55.311,-21.242],[55.311,-21.24],[55.309,-21.239],[55.308,-21.239],[55.308,-21.238],[55.306,-21.237],[55.304,-21.236],[55.303,-21.237],[55.302,-21.237],[55.302,-21.236],[55.299,-21.234],[55.295,-21.231],[55.293,-21.23],[55.293,-21.229],[55.292,-21.228],[55.292,-21.224],[55.292,-21.224],[55.291,-21.222],[55.289,-21.219],[55.288,-21.216],[55.287,-21.215],[55.287,-21.213],[55.286,-21.211],[55.286,-21.21],[55.286,-21.209],[55.285,-21.207],[55.282,-21.205],[55.282,-21.204],[55.281,-21.202],[55.281,-21.202],[55.283,-21.201],[55.283,-21.199],[55.283,-21.198],[55.284,-21.197],[55.285,-21.195],[55.285,-21.193],[55.286,-21.19],[55.286,-21.188],[55.286,-21.187],[55.287,-21.186],[55.287,-21.184],[55.287,-21.183],[55.287,-21.182],[55.287,-21.18],[55.287,-21.177],[55.287,-21.173],[55.286,-21.17],[55.286,-21.166],[55.287,-21.165],[55.288,-21.163],[55.287,-21.161],[55.282,-21.155],[55.281,-21.153],[55.279,-21.153],[55.276,-21.151],[55.273,-21.15],[55.272,-21.149],[55.272,-21.147],[55.271,-21.146],[55.271,-21.145],[55.27,-21.144],[55.271,-21.143],[55.271,-21.142],[55.271,-21.138],[55.271,-21.137],[55.271,-21.135],[55.271,-21.133],[55.271,-21.132],[55.27,-21.131],[55.268,-21.13],[55.268,-21.128],[55.266,-21.127],[55.264,-21.127],[55.263,-21.125],[55.261,-21.123],[55.26,-21.121],[55.259,-21.119],[55.257,-21.118],[55.256,-21.117],[55.256,-21.116],[55.254,-21.114],[55.253,-21.114],[55.253,-21.113],[55.254,-21.112],[55.255,-21.111],[55.254,-21.11]]]]},"properties":{"code":"974","nom":"La Réunion"}}]}